company,ticker,country,year,revenue,capex,sga,assets,net_income,capex_intensity,sga_intensity,trustpilot_score,trustpilot_reviews,glassdoor_overall,gd_review_count,eu_ecom_share_pct,uk_internet_sales_pct,ecom_share,log_revenue,log_assets,net_margin,ecom2,assets_rank,revenue_rank,capex_intensity_z,glassdoor_overall_z,trustpilot_score_z,sga_intensity_z,net_margin_z,K_x_W_z,K_x_T_z,capex_intensity_z_L1,glassdoor_overall_z_L1,trustpilot_score_L1,K_x_W_z_L1,covid,time_trend,yr_2021,yr_2022,yr_2023,yr_2024,yr_2025,capex_intensity_bar,glassdoor_overall_bar,trustpilot_score_bar,sga_intensity_bar,trustpilot_100
Primark/ABF,ABF.L,GB,2021,,,,,,,,1.8,1000.0,3.2,1150.0,23.0,26.0,26.0,,,,676.0,,,,-0.11243396443814092,-0.33869277733155895,,,,,,,,,1,2,1,0,0,0,0,0.0589,3.1333333333333333,1.725,0.15096666666666667,20.0
Primark/ABF,ABF.L,GB,2022,,,,,,,,1.7,1400.0,3.1,1300.0,22.0,25.5,25.5,,,,650.25,,,,-0.7420641652917486,-0.4351089694186451,,,,,,-0.11243396443814092,1.8,,0,3,0,1,0,0,0,0.0589,3.1333333333333333,1.725,0.15096666666666667,17.5
Primark/ABF,ABF.L,GB,2023,19750000000.0,1073000000.0,2823000000.0,18844000000.0,1044000000.0,0.0543,0.1429,1.7,1800.0,3.1,1450.0,22.0,26.0,26.0,23.706419328293542,23.659460397784205,0.05286075949367089,676.0,0.45454545454545453,0.45454545454545453,1.41750806989015,-0.7420641652917486,-0.4351089694186451,-0.29307858813104215,0.16751032790729214,-1.0518819426773518,-0.616770475432516,,-0.7420641652917486,1.7,,0,4,0,0,1,0,0,0.0589,3.1333333333333333,1.725,0.15096666666666667,17.5
Primark/ABF,ABF.L,GB,2024,20073000000.0,1184000000.0,3048000000.0,19014000000.0,1455000000.0,0.059,0.1518,1.7,2200.0,,,23.0,26.5,26.5,23.7226414654152,23.66844138688325,0.07248542818711702,702.25,0.45454545454545453,0.45454545454545453,1.7535831275364573,,-0.4351089694186451,-0.2296616409568694,0.5934545432073429,,-0.7629997474123124,1.41750806989015,-0.7420641652917486,1.7,-1.0518819426773518,0,5,0,0,0,1,0,0.0589,3.1333333333333333,1.725,0.15096666666666667,17.5
Primark/ABF,ABF.L,GB,2025,19459000000.0,1234000000.0,3078000000.0,19291000000.0,1025000000.0,0.0634,0.1582,,,,,,,,23.69157552492243,23.682904502852164,0.052674854822961095,,0.45454545454545453,0.45454545454545453,2.0682065857585323,,,-0.18405844298892476,0.1634753543582843,,,1.7535831275364573,,1.7,,0,6,0,0,0,0,1,0.0589,3.1333333333333333,1.725,0.15096666666666667,
Ahold Delhaize,AD.AS,NL,2021,,,,,,,,1.4,2000.0,3.3,800.0,23.0,26.0,23.0,,,,529.0,,,,0.5171962364154639,-0.7243575456799033,,,,,,,,,1,2,1,0,0,0,0,0.027375,3.2999999999999994,1.4,0.236425,9.999999999999998
Ahold Delhaize,AD.AS,NL,2022,86984000000.0,2490000000.0,20190000000.0,48555000000.0,2546000000.0,0.0286,0.2321,1.4,2500.0,3.3,900.0,22.0,25.5,22.0,25.18899003064186,24.605963012992728,0.029269750758760232,484.0,0.6666666666666666,0.8888888888888888,-0.4201789474524246,0.5171962364154639,-0.7243575456799033,0.34251598354718443,-0.3445214348038894,-0.21731497024340496,0.3043597911230034,,0.5171962364154639,1.4,,0,3,0,1,0,0,0,0.027375,3.2999999999999994,1.4,0.236425,9.999999999999998
Ahold Delhaize,AD.AS,NL,2023,88734000000.0,2434000000.0,21422000000.0,47821000000.0,1874000000.0,0.0274,0.2414,1.4,2800.0,3.3,1000.0,22.0,26.0,22.0,25.208908967359097,24.590730710510346,0.021119300380913742,484.0,0.8181818181818182,0.9090909090909091,-0.5059853451493541,0.5171962364154639,-0.7243575456799033,0.4087831305943538,-0.5214231315797038,-0.26169371619262544,0.3665143027623849,-0.4201789474524246,0.5171962364154639,1.4,-0.21731497024340496,0,4,0,0,1,0,0,0.027375,3.2999999999999994,1.4,0.236425,9.999999999999998
Ahold Delhaize,AD.AS,NL,2024,89357000000.0,2299000000.0,21453000000.0,51842000000.0,1764000000.0,0.0257,0.2401,1.4,3100.0,,,23.0,26.5,23.0,25.215905419075764,24.671466468493147,0.01974103875465828,529.0,0.8181818181818182,0.9090909090909091,-0.6275444085533377,,-0.7243575456799033,0.3995199810071151,-0.5513376527389635,,0.45456652758484223,-0.5059853451493541,0.5171962364154639,1.4,-0.26169371619262544,0,5,0,0,0,1,0,0.027375,3.2999999999999994,1.4,0.236425,9.999999999999998
Ahold Delhaize,AD.AS,NL,2025,92352000000.0,2564000000.0,21432000000.0,49089000000.0,2264000000.0,0.0278,0.2321,,,,,,,,25.248873200097815,24.616900814061278,0.024514899514899515,,0.8181818181818182,0.9090909090909091,-0.47738321258371114,,,0.34251598354718443,-0.4477232474597685,,,-0.6275444085533377,,1.4,,0,6,0,0,0,0,1,0.027375,3.2999999999999994,1.4,0.236425,
Carrefour,CA.PA,FR,2021,,,2549000000.0,,,,,1.6,3000.0,3.1,1900.0,23.0,26.0,23.0,,,,529.0,,,,-0.7420641652917486,-0.531525161505731,,,,,,,,,1,2,1,0,0,0,0,0.0212,3.1,1.6,0.07200000000000001,15.000000000000002
Carrefour,CA.PA,FR,2022,83088000000.0,1882000000.0,3254000000.0,56558000000.0,1348000000.0,0.0227,0.0392,1.6,3500.0,3.1,2100.0,22.0,25.5,22.0,25.143166124048374,24.7585324972306,0.01622376275755825,484.0,0.8888888888888888,0.7777777777777778,-0.8420604027956615,-0.7420641652917486,-0.531525161505731,-1.031992905205393,-0.6276784760150681,0.6248628499257961,0.4475762915935449,,-0.7420641652917486,1.6,,0,3,0,1,0,0,0,0.0212,3.1,1.6,0.07200000000000001,15.000000000000002
Carrefour,CA.PA,FR,2023,84910000000.0,1974000000.0,3583000000.0,56171000000.0,1659000000.0,0.0232,0.0422,1.6,4200.0,3.1,2300.0,22.0,26.0,22.0,25.164857708957683,24.75166644643002,0.01953833470733718,484.0,0.9090909090909091,0.8181818181818182,-0.8063077370886077,-0.7420641652917486,-0.531525161505731,-1.010616406157919,-0.5557372488658099,0.5983320778909363,0.4285728501793427,-0.8420604027956615,-0.7420641652917486,1.6,0.6248628499257961,0,4,0,0,1,0,0,0.0212,3.1,1.6,0.07200000000000001,15.000000000000002
Carrefour,CA.PA,FR,2024,83453000000.0,1738000000.0,3428000000.0,57363000000.0,723000000.0,0.0208,0.0411,1.6,4700.0,,,23.0,26.5,23.0,25.147549436078542,24.772665333125342,0.008663559129090627,529.0,0.9090909090909091,0.8181818181818182,-0.9779205324824668,,-0.531525161505731,-1.0184544558086595,-0.7917691443641174,,0.5197893689675137,-0.8063077370886077,-0.7420641652917486,1.6,0.5983320778909363,0,5,0,0,0,1,0,0.0212,3.1,1.6,0.07200000000000001,15.000000000000002
Carrefour,CA.PA,FR,2025,84024000000.0,1523000000.0,13904000000.0,55213000000.0,319000000.0,0.0181,0.1655,,,,,,,,25.154368309266886,24.734464269748358,0.0037965343235266116,,0.9090909090909091,0.8181818181818182,-1.1709849273005581,,,-0.13204229530673806,-0.8974056314832184,,,-0.9779205324824668,,1.6,,0,6,0,0,0,0,1,0.0212,3.1,1.6,0.07200000000000001,
H&M,HM-B.ST,SE,2021,,,,,,,,1.5,12000.0,3.2,1900.0,23.0,26.0,23.0,,,,529.0,,,,-0.11243396443814092,-0.6279413535928171,,,,,,,,,1,2,1,0,0,0,0,0.040125,3.2000000000000006,1.5,0.43825000000000003,12.5
H&M,HM-B.ST,SE,2022,223553000000.0,6011000000.0,105932000000.0,182048000000.0,3566000000.0,0.0269,0.4739,1.5,14000.0,3.2,2100.0,22.0,25.5,22.0,26.132914359352952,25.927536225514647,0.015951474594391488,484.0,1.0,1.0,-0.5417380108564082,-0.11243396443814092,-0.6279413535928171,2.065461806773588,-0.6335883626891954,0.0609097522474186,0.3401796998298532,,-0.11243396443814092,1.5,,0,3,0,1,0,0,0,0.040125,3.2000000000000006,1.5,0.43825000000000003,12.5
H&M,HM-B.ST,SE,2023,236035000000.0,8964000000.0,86486000000.0,181273000000.0,8745000000.0,0.038,0.3664,1.5,15000.0,3.2,2300.0,22.0,26.0,22.0,26.187245936060656,25.923270019182233,0.037049590103162666,484.0,1.0,1.0,0.25197116784019014,-0.11243396443814092,-0.6279413535928171,1.29947059090577,-0.17566367641438713,-0.028330117324380774,-0.1582231161999319,-0.5417380108564082,-0.11243396443814092,1.5,0.0609097522474186,0,4,0,0,1,0,0,0.040125,3.2000000000000006,1.5,0.43825000000000003,12.5
H&M,HM-B.ST,SE,2024,234478000000.0,11448000000.0,107915000000.0,180214000000.0,11621000000.0,0.0488,0.4602,1.5,16000.0,,,23.0,26.5,23.0,26.18062760380056,25.917410870556765,0.049561152858690366,529.0,1.0,1.0,1.0242287471125564,,-0.6279413535928171,1.9678424611234564,0.09589391588577433,,-0.6431555858505338,0.25197116784019014,-0.11243396443814092,1.5,-0.028330117324380774,0,5,0,0,0,1,0,0.040125,3.2000000000000006,1.5,0.43825000000000003,12.5
H&M,HM-B.ST,SE,2025,228285000000.0,10679000000.0,103292000000.0,170273000000.0,12158000000.0,0.0468,0.4525,,,,,,,,26.153860685301282,25.860668868299335,0.05325798891736207,,1.0,1.0,0.8812180842843403,,,1.9129761135682737,0.17613200594992506,,,1.0242287471125564,,1.5,,0,6,0,0,0,0,1,0.040125,3.2000000000000006,1.5,0.43825000000000003,
Inditex,ITX.MC,ES,2022,,,3030000000.0,,,,,1.3,16000.0,3.4,1800.0,22.0,25.5,22.0,,,,484.0,,,,1.1468264372690715,-0.8207737377669893,,,,,,,,,0,3,0,1,0,0,0,0.054900000000000004,3.4,1.3,0.09503333333333334,7.500000000000001
Inditex,ITX.MC,ES,2023,32569000000.0,1415000000.0,3105000000.0,29983000000.0,4130000000.0,0.0434,0.0953,1.3,18000.0,3.4,2000.0,22.0,26.0,22.0,24.20662675266219,24.123896391325665,0.12680770057416563,484.0,0.6363636363636364,0.6363636363636364,0.6380999574763733,1.1468264372690715,-0.8207737377669893,-0.6322523730176295,1.7724939474722567,0.7317899008541752,-0.5237356871668398,,1.1468264372690715,1.3,,0,4,0,0,1,0,0,0.054900000000000004,3.4,1.3,0.09503333333333334,7.500000000000001
Inditex,ITX.MC,ES,2024,35947000000.0,1872000000.0,3368000000.0,32735000000.0,5381000000.0,0.0521,0.0937,1.3,21000.0,,,23.0,26.5,23.0,24.305311468396336,24.211710678839466,0.14969260299885942,529.0,0.6363636363636364,0.6363636363636364,1.2601963407791126,,-0.8207737377669893,-0.6436531725096155,2.2692000044137313,,-1.0343360609415548,0.6380999574763733,1.1468264372690715,1.3,0.7317899008541752,0,5,0,0,0,1,0,0.054900000000000004,3.4,1.3,0.09503333333333334,7.500000000000001
Inditex,ITX.MC,ES,2025,38631875000.0,2671848000.0,3712000000.0,34714000000.0,5866133000.0,0.0692,0.0961,,,,,,,,24.37734354985286,24.2704089007451,0.15184696575043277,,0.6363636363636364,0.6363636363636364,2.4829375079603584,,,-0.6265519732716364,2.3159594359243902,,,1.2601963407791126,,1.3,,0,6,0,0,0,0,1,0.054900000000000004,3.4,1.3,0.09503333333333334,
JD Sports,JD.L,GB,2022,8563000000.0,242200000.0,3221500000.0,7153000000.0,369700000.0,0.0283,0.3762,3.8,290000.0,3.0,1200.0,22.0,25.5,25.5,22.870716432990466,22.690797686072656,0.04317412121919888,650.25,0.2222222222222222,0.2222222222222222,-0.4416305468766571,-1.3716943661453562,1.5896310644101617,1.3693004877941848,-0.04273360554027377,0.6057821330684032,-0.7020296363075822,,,,,0,3,0,1,0,0,0,0.039425,2.95,3.7999999999999994,0.382475,70.0
JD Sports,JD.L,GB,2023,10125000000.0,346500000.0,3850800000.0,8110600000.0,188300000.0,0.0342,0.3803,3.8,320000.0,2.9,1350.0,22.0,26.0,26.0,23.038273449939012,22.816437685074508,0.01859753086419753,676.0,0.2727272727272727,0.18181818181818182,-0.01974909153341996,-2.0013245669989637,1.5896310644101617,1.3985150364923995,-0.5761569543384031,0.0395243420617446,-0.031393769395404086,-0.4416305468766571,-1.3716943661453562,3.8,0.6057821330684032,0,4,0,0,1,0,0,0.039425,2.95,3.7999999999999994,0.382475,70.0
JD Sports,JD.L,GB,2024,10542000000.0,530000000.0,4057000000.0,8048000000.0,539000000.0,0.0503,0.3848,3.8,339000.0,,,23.0,26.5,26.5,23.078633115379425,22.808689450303795,0.05112881806108898,702.25,0.2727272727272727,0.18181818181818182,1.131486744233718,,1.5896310644101617,1.4305797850636102,0.12991935269286148,,1.7986464776022335,-0.01974909153341996,-2.0013245669989637,3.8,0.0395243420617446,0,5,0,0,0,1,0,0.039425,2.95,3.7999999999999994,0.382475,70.0
JD Sports,JD.L,GB,2025,11458000000.0,515000000.0,4453000000.0,9954000000.0,490000000.0,0.0449,0.3886,,,,,,,,23.161954012932796,23.021240317382773,0.04276488043288532,,0.36363636363636365,0.18181818181818182,0.7453579545975353,,,1.4576566838570775,-0.05161598456628589,,,1.131486744233718,,3.8,,0,6,0,0,0,0,1,0.039425,2.95,3.7999999999999994,0.382475,
Marks & Spencer,MKS.L,GB,2022,10885100000.0,257400000.0,770600000.0,9443400000.0,306600000.0,0.0236,0.0708,1.7,12000.0,3.4,1700.0,22.0,25.5,25.5,23.110660718545248,22.968581921749884,0.028166943803915444,650.25,0.4444444444444444,0.4444444444444444,-0.7777056045229644,1.1468264372690715,-0.4351089694186451,-0.806827115238667,-0.36845734171505545,-0.8918933476792609,0.33838668409509143,,,,,0,3,0,1,0,0,0,0.0319,3.4,1.7,0.0728,17.5
Marks & Spencer,MKS.L,GB,2023,11931300000.0,410300000.0,1009900000.0,9097800000.0,363400000.0,0.0344,0.0846,1.7,13000.0,3.4,1850.0,22.0,26.0,26.0,23.2024310361053,22.931298462999223,0.030457703686941073,676.0,0.36363636363636365,0.36363636363636365,-0.0054480252505984565,1.1468264372690715,-0.4351089694186451,-0.7084952196202867,-0.31873747453879864,-0.006247939388295768,0.00237048465215465,-0.7777056045229644,1.1468264372690715,1.7,-0.8918933476792609,0,4,0,0,1,0,0,0.0319,3.4,1.7,0.0728,17.5
Marks & Spencer,MKS.L,GB,2024,13040100000.0,429300000.0,852000000.0,8682200000.0,431200000.0,0.0329,0.0653,1.7,14000.0,,,23.0,26.5,26.5,23.29129506212717,22.884540789725268,0.033067231079516264,702.25,0.36363636363636365,0.36363636363636365,-0.1127060223717605,,-0.4351089694186451,-0.8460173634923693,-0.2620989083088562,,0.049039401241451466,-0.0054480252505984565,1.1468264372690715,1.7,-0.006247939388295768,0,5,0,0,0,1,0,0.0319,3.4,1.7,0.0728,17.5
Marks & Spencer,MKS.L,GB,2025,13816800000.0,506900000.0,974300000.0,8821400000.0,295700000.0,0.0367,0.0705,,,,,,,,23.349151079993984,22.90044642452754,0.021401482253488507,,0.18181818181818182,0.36363636363636365,0.1590142370018501,,,-0.8089647651434144,-0.5152985065904474,,,-0.1127060223717605,,1.7,,0,6,0,0,0,0,1,0.0319,3.4,1.7,0.0728,
Next,NXT.L,GB,2022,4625900000.0,266300000.0,1073900000.0,3981800000.0,677500000.0,0.0576,0.2321,4.3,230000.0,3.5,1100.0,22.0,25.5,25.5,22.254936783574323,22.10499981530997,0.14645798655396788,650.25,0.1111111111111111,0.1111111111111111,1.653475663556706,1.7764566381226792,2.071712024845592,0.34251598354718443,2.1989941739389427,2.9373278184996123,3.4255254149799725,,,,,0,3,0,1,0,0,0,0.041624999999999995,3.5,4.3,0.2486,82.5
Next,NXT.L,GB,2023,5034000000.0,246100000.0,1231800000.0,3983800000.0,711700000.0,0.0489,0.2447,4.3,260000.0,3.5,1200.0,22.0,26.0,26.0,22.339480733659535,22.10550197460545,0.14137862534763607,676.0,0.09090909090909091,0.09090909090909091,1.031379280253967,1.7764566381226792,2.071712024845592,0.43229727954657515,2.0887490249862344,1.8322005688293508,2.136720857078735,1.653475663556706,1.7764566381226792,4.3,2.9373278184996123,0,4,0,0,1,0,0,0.041624999999999995,3.5,4.3,0.2486,82.5
Next,NXT.L,GB,2024,5491000000.0,188200000.0,1451800000.0,4724300000.0,802300000.0,0.0343,0.2644,4.3,279000.0,,,23.0,26.5,26.5,22.426376225243146,22.27598523876895,0.14611181934073939,702.25,0.09090909090909091,0.09090909090909091,-0.012598558392009457,,2.071712024845592,0.5726696232916545,2.191480777187921,,-0.02610058491644534,1.031379280253967,1.7764566381226792,4.3,1.8322005688293508,0,5,0,0,0,1,0,0.041624999999999995,3.5,4.3,0.2486,82.5
Next,NXT.L,GB,2025,6118100000.0,157500000.0,1549400000.0,4872500000.0,736100000.0,0.0257,0.2532,,,,,,,,22.534517427752395,22.30687298934599,0.12031513051437538,,0.09090909090909091,0.09090909090909091,-0.6275444085533377,,,0.4928640268477513,1.631575764210314,,,-0.012598558392009457,,4.3,,0,6,0,0,0,0,1,0.041624999999999995,3.5,4.3,0.2486,
Sainsbury's,SBRY.L,GB,2021,,,,,,,,3.5,35000.0,3.2,2200.0,23.0,26.0,26.0,,,,676.0,,,,-0.11243396443814092,1.3003824881489037,,,,,,,,,1,2,1,0,0,0,0,0.030475000000000002,3.2000000000000006,3.575,0.0444,62.5
Sainsbury's,SBRY.L,GB,2022,29895000000.0,697000000.0,1430000000.0,26912000000.0,677000000.0,0.0233,0.0478,3.6,40000.0,3.2,2400.0,22.0,25.5,25.5,24.12095707927928,24.015838120736948,0.022645927412610803,650.25,0.5555555555555556,0.5555555555555556,-0.7991572039471968,-0.11243396443814092,1.39679868023599,-0.9707136079359675,-0.48828840899000675,0.08985241264908325,-1.1162617277745284,,-0.11243396443814092,3.5,,0,3,0,1,0,0,0,0.030475000000000002,3.2000000000000006,3.575,0.0444,65.0
Sainsbury's,SBRY.L,GB,2023,31491000000.0,754000000.0,1515000000.0,26158000000.0,207000000.0,0.0239,0.0481,3.6,45000.0,3.2,2600.0,22.0,26.0,26.0,24.172967627668182,23.987420908013373,0.006573306659045442,676.0,0.5454545454545454,0.5454545454545454,-0.756254005098732,-0.11243396443814092,1.39679868023599,-0.9685759580312201,-0.8371370923300223,0.08502863591547248,-1.0563345962450905,-0.7991572039471968,-0.11243396443814092,3.6,0.08985241264908325,0,4,0,0,1,0,0,0.030475000000000002,3.2000000000000006,3.575,0.0444,65.0
Sainsbury's,SBRY.L,GB,2024,32238000000.0,1565000000.0,1333000000.0,25061000000.0,137000000.0,0.0485,0.0413,3.6,49000.0,,,23.0,26.5,26.5,24.19641171792115,23.94457868984803,0.00424964327811899,702.25,0.5454545454545454,0.5454545454545454,1.0027771476883238,,1.39679868023599,-1.0170293558721613,-0.8875711144717933,,1.400677796461861,-0.756254005098732,-0.11243396443814092,3.6,0.08502863591547248,0,5,0,0,0,1,0,0.030475000000000002,3.2000000000000006,3.575,0.0444,65.0
Sainsbury's,SBRY.L,GB,2025,32812000000.0,859000000.0,1325000000.0,24648000000.0,242000000.0,0.0262,0.0404,,,,,,,,24.214060139086914,23.927961598240778,0.0073753504815311476,,0.5454545454545454,0.5454545454545454,-0.5917917428462837,,,-1.0234423055864035,-0.8197291079231817,,,1.0027771476883238,,3.6,,0,6,0,0,0,0,1,0.030475000000000002,3.2000000000000006,3.575,0.0444,
Tesco,TSCO.L,GB,2022,61344000000.0,1178000000.0,1984000000.0,49137000000.0,1481000000.0,0.0192,0.0323,1.8,15000.0,3.4,6000.0,22.0,25.5,25.5,24.839763203809646,24.617878152114763,0.024142540427751696,650.25,0.7777777777777778,0.6666666666666666,-1.0923290627450397,1.1468264372690715,-0.33869277733155895,-1.0811588530145833,-0.4558051265305723,-1.252711847353358,0.3699639640210962,,,,,0,3,0,1,0,0,0,0.020149999999999998,3.3499999999999996,1.8,0.030725,20.0
Tesco,TSCO.L,GB,2023,65322000000.0,1250000000.0,1881000000.0,45868000000.0,737000000.0,0.0191,0.0288,1.8,17000.0,3.3,6500.0,22.0,26.0,26.0,24.90259472307351,24.54903354312247,0.011282569425308472,676.0,0.7272727272727273,0.7272727272727273,-1.0994795958864503,0.5171962364154639,-0.33869277733155895,-1.106098101903303,-0.7349247561652067,-0.5686467090080672,0.3723857979501619,-1.0923290627450397,1.1468264372690715,1.8,-1.252711847353358,0,4,0,0,1,0,0,0.020149999999999998,3.3499999999999996,1.8,0.030725,20.0
Tesco,TSCO.L,GB,2024,68187000000.0,1386000000.0,2024000000.0,47039000000.0,1188000000.0,0.0203,0.0297,1.8,19000.0,,,23.0,26.5,26.5,24.945519767790543,24.574242881807415,0.017422675876633376,702.25,0.7272727272727273,0.7272727272727273,-1.0136731981895208,,-0.33869277733155895,-1.0996851521890605,-0.6016566299551683,,0.3433237908013726,-1.0994795958864503,0.5171962364154639,1.8,-0.5686467090080672,0,5,0,0,0,1,0,0.020149999999999998,3.3499999999999996,1.8,0.030725,20.0
Tesco,TSCO.L,GB,2025,69916000000.0,1539000000.0,2242000000.0,38890000000.0,1626000000.0,0.022,0.0321,,,,,,,,24.970560358419252,24.384002985114066,0.023256479203615767,,0.7272727272727273,0.7272727272727273,-0.8921141347855372,,,-1.0825839529510815,-0.4750366691730436,,,-1.0136731981895208,,1.8,,0,6,0,0,0,0,1,0.020149999999999998,3.3499999999999996,1.8,0.030725,
Zalando,ZAL.DE,DE,2021,,,,,,,,1.5,9000.0,3.1,1200.0,23.0,26.0,23.0,,,,529.0,,,,-0.7420641652917486,-0.6279413535928171,,,,,,,,,1,2,1,0,0,0,0,0.024375,3.033333333333333,1.5,0.22215000000000001,12.5
Zalando,ZAL.DE,DE,2022,10344800000.0,351600000.0,1274900000.0,7626100000.0,16800000.0,0.034,0.1232,1.5,10000.0,3.0,1400.0,22.0,25.5,22.0,23.059749814945917,22.754842411330163,0.0016240043306782151,484.0,0.3333333333333333,0.3333333333333333,-0.03405015781624147,-1.3716943661453562,-0.6279413535928171,-0.4334509318761213,-0.9445593744316879,0.04670640964289869,0.02138150218917971,,-0.7420641652917486,1.5,,0,3,0,1,0,0,0,0.024375,3.033333333333333,1.5,0.22215000000000001,12.5
Zalando,ZAL.DE,DE,2023,10143100000.0,263200000.0,1243300000.0,7789700000.0,83000000.0,0.0259,0.1226,1.5,10500.0,3.0,1600.0,22.0,26.0,22.0,23.040059508307742,22.77606818517608,0.008182902662893987,484.0,0.18181818181818182,0.2727272727272727,-0.6132433422705161,-1.3716943661453562,-0.6279413535928171,-0.43772623168561614,-0.802201567174465,0.8411824376686153,0.38508085442713114,-0.03405015781624147,-1.3716943661453562,1.5,0.04670640964289869,0,4,0,0,1,0,0,0.024375,3.033333333333333,1.5,0.22215000000000001,12.5
Zalando,ZAL.DE,DE,2024,10572500000.0,206800000.0,3397600000.0,7983900000.0,251100000.0,0.0196,0.3214,1.5,11000.0,,,23.0,26.5,23.0,23.08152212731092,22.800692850827033,0.02375029557815086,529.0,0.18181818181818182,0.2727272727272727,-1.0637269301793963,,-0.6279413535928171,0.9788231051936602,-0.46431861673407876,,0.6679581283899821,-0.6132433422705161,-1.3716943661453562,1.5,0.8411824376686153,0,5,0,0,0,1,0,0.024375,3.033333333333333,1.5,0.22215000000000001,12.5
Zalando,ZAL.DE,DE,2025,12346200000.0,222500000.0,3967500000.0,9257700000.0,215100000.0,0.018,0.3214,,,,,,,,23.236614160365715,22.948721474623458,0.017422364776206446,,0.2727272727272727,0.2727272727272727,-1.1781354604419692,,,0.9788231051936602,-0.6016633822437953,,,-1.0637269301793963,,1.5,,0,6,0,0,0,0,1,0.024375,3.033333333333333,1.5,0.22215000000000001,
