company,ticker,year,acsi_score,glassdoor_overall,glassdoor_worklife,glassdoor_review_count,revenue,log_revenue,capex,capex_intensity,sga,sga_intensity,assets,log_assets,employees,log_employees,net_income,net_margin,rev_per_employee,real_revenue,K_x_W,ecom_share_pct,cpi,retail_turnover_rate,retail_avg_wage
Amazon,AMZN,2008,,,,,19166000000.0,23.6764,333000000.0,0.0174,,,8314000000.0,22.8412,,,645000000.0,0.0337,,23044610732.0,,3.6,215.25,4.89,12.87
Amazon,AMZN,2009,,,,,4889000000.0,22.3103,373000000.0,0.0763,,,13813000000.0,23.3489,,,177000000.0,0.0362,,5897287891.0,,3.97,214.56,4.06,13.0
Amazon,AMZN,2010,87.0,,,,7131000000.0,22.6877,979000000.0,0.1373,,,18797000000.0,23.657,,,299000000.0,0.0419,,8462830658.0,,4.45,218.08,3.85,13.25
Amazon,AMZN,2011,86.0,,,,9857000000.0,23.0114,1811000000.0,0.1837,,,25278000000.0,23.9532,,,201000000.0,0.0204,,11342211320.0,,4.88,224.92,3.87,13.5
Amazon,AMZN,2012,85.0,3.4,,2000,9857000000.0,23.0114,3785000000.0,0.384,,,32555000000.0,24.2062,,,201000000.0,0.0204,,11111503855.0,1.3056,5.4,229.59,3.92,13.81
Amazon,AMZN,2013,88.0,3.4,,2500,16070000000.0,23.5002,3444000000.0,0.2143,,,40159000000.0,24.4161,,,82000000.0,0.0051,,17853945911.0,0.7286,5.85,232.95,4.16,14.01
Amazon,AMZN,2014,86.0,3.4,,3000,19741000000.0,23.706,4893000000.0,0.2479,,,54505000000.0,24.7216,,,108000000.0,0.0055,,21583170877.0,0.8429,6.4,236.72,4.67,14.37
Amazon,AMZN,2015,83.0,3.4,,3500,22717000000.0,23.8464,4589000000.0,0.202,,,65444000000.0,24.9045,,,-57000000.0,-0.0025,,24807539114.0,0.6868,7.12,237.0,4.75,14.8
Amazon,AMZN,2016,83.0,3.4,,4000,29128000000.0,24.095,6737000000.0,0.2313,,,83402000000.0,25.1469,,,513000000.0,0.0176,,31409598267.0,0.7864,7.92,240.01,4.54,15.03
Amazon,AMZN,2017,82.0,3.4,,4500,35714000000.0,24.2988,,,,,131310000000.0,25.6008,,,724000000.0,0.0203,,37708633894.0,,8.78,245.12,4.51,15.3
Amazon,AMZN,2018,82.0,3.4,,5000,51042000000.0,24.6559,,,,,162648000000.0,25.8149,,,1629000000.0,0.0319,,52609239427.0,,9.65,251.1,,15.88
Amazon,AMZN,2019,82.0,3.4,,5500,59700000000.0,24.8126,,,,,225248000000.0,26.1405,,,3561000000.0,0.0596,,60437930765.0,,10.57,255.65,,16.58
Amazon,AMZN,2020,83.0,3.4,,6000,75452000000.0,25.0468,,,,,321195000000.0,26.4953,,,2535000000.0,0.0336,,75437426099.0,,14.53,258.86,,17.59
Amazon,AMZN,2021,78.0,3.3,,6500,469822000000.0,26.8756,,,,,420549000000.0,26.7648,,,33364000000.0,0.071,,448738354135.0,,14.65,270.97,,18.53
Amazon,AMZN,2022,79.0,3.3,,7000,513983000000.0,26.9655,,,,,462675000000.0,26.8603,,,-2722000000.0,-0.0053,,454580665790.0,,14.43,292.63,,19.67
Amazon,AMZN,2023,79.0,3.3,,7500,574785000000.0,27.0773,,,,,527854000000.0,26.9921,,,30425000000.0,0.0529,,488218266656.0,,15.3,304.7,,20.51
Amazon,AMZN,2024,,,,,637959000000.0,27.1815,,,,,624894000000.0,27.1608,,,59248000000.0,0.0929,,526331427447.0,,16.1,313.7,,20.93
Best Buy,BBY,2008,,,,,40023000000.0,24.4127,797000000.0,0.0199,7385000000.0,0.1845,,,,,1407000000.0,0.0352,,48122428014.0,,3.6,215.25,4.89,12.87
Best Buy,BBY,2009,,,,,45015000000.0,24.5303,1303000000.0,0.0289,8984000000.0,0.1996,15826000000.0,23.4849,,,1003000000.0,0.0223,,54298714346.0,,3.97,214.56,4.06,13.0
Best Buy,BBY,2010,74.0,,,,49694000000.0,24.6292,615000000.0,0.0124,9873000000.0,0.1987,18302000000.0,23.6303,,,1317000000.0,0.0265,,58975165719.0,,4.45,218.08,3.85,13.25
Best Buy,BBY,2011,74.0,,,,249000000.0,19.333,744000000.0,2.988,10325000000.0,41.4659,17849000000.0,23.6052,,,-33000000.0,-0.1325,,286518273.0,,4.88,224.92,3.87,13.5
Best Buy,BBY,2012,73.0,3.3,,800,189000000.0,19.0573,709000000.0,3.7513,7986000000.0,42.254,16005000000.0,23.4962,,,-1425000000.0,-7.5397,,213054096.0,12.3793,5.4,229.59,3.92,13.81
Best Buy,BBY,2013,74.0,3.3,,900,39827000000.0,24.4078,705000000.0,0.0177,8181000000.0,0.2054,16787000000.0,23.5439,,,-441000000.0,-0.0111,,44248232968.0,0.0584,5.85,232.95,4.16,14.01
Best Buy,BBY,2014,76.0,3.4,,1000,42410000000.0,24.4707,547000000.0,0.0129,8391000000.0,0.1979,14013000000.0,23.3633,,,532000000.0,0.0125,,46367573927.0,0.0439,6.4,236.72,4.67,14.37
Best Buy,BBY,2015,77.0,3.5,,1100,40339000000.0,24.4206,561000000.0,0.0139,7592000000.0,0.1882,15256000000.0,23.4482,,,1233000000.0,0.0306,,44051209241.0,0.0486,7.12,237.0,4.75,14.8
Best Buy,BBY,2016,78.0,3.6,,1200,39528000000.0,24.4003,649000000.0,0.0164,7618000000.0,0.1927,13519000000.0,23.3274,,,897000000.0,0.0227,,42624230990.0,0.059,7.92,240.01,4.54,15.03
Best Buy,BBY,2017,78.0,3.6,,1300,39403000000.0,24.3971,582000000.0,0.0148,7547000000.0,0.1915,13856000000.0,23.352,,,1228000000.0,0.0312,,41603665266.0,0.0533,8.78,245.12,4.51,15.3
Best Buy,BBY,2018,78.0,3.6,,1400,42151000000.0,24.4645,688000000.0,0.0163,8023000000.0,0.1903,13049000000.0,23.292,,,1000000000.0,0.0237,,43445242174.0,0.0587,9.65,251.1,,15.88
Best Buy,BBY,2019,79.0,3.6,,1500,42879000000.0,24.4816,819000000.0,0.0191,8015000000.0,0.1869,12901000000.0,23.2806,,,1464000000.0,0.0341,,43409012282.0,0.0688,10.57,255.65,,16.58
Best Buy,BBY,2020,79.0,3.6,,1600,43638000000.0,24.4992,743000000.0,0.017,7998000000.0,0.1833,15591000000.0,23.47,,,1541000000.0,0.0353,,43629571120.0,0.0612,14.53,258.86,,17.59
Best Buy,BBY,2021,78.0,3.6,,1700,47262000000.0,24.579,713000000.0,0.0151,7928000000.0,0.1677,19067000000.0,23.6712,,,1798000000.0,0.038,,45141079160.0,0.0544,14.65,270.97,,18.53
Best Buy,BBY,2022,77.0,3.5,,1800,51761000000.0,24.6699,737000000.0,0.0142,8635000000.0,0.1668,17504000000.0,23.5857,,,2454000000.0,0.0474,,45778848409.0,0.0497,14.43,292.63,,19.67
Best Buy,BBY,2023,77.0,3.5,,1900,46298000000.0,24.5584,930000000.0,0.0201,7970000000.0,0.1721,15803000000.0,23.4835,,,1419000000.0,0.0306,,39325189957.0,0.0703,15.3,304.7,,20.51
Best Buy,BBY,2024,,,,,43452000000.0,24.4949,795000000.0,0.0183,7876000000.0,0.1813,14967000000.0,23.4291,,,1241000000.0,0.0286,,35848938859.0,,16.1,313.7,,20.93
Costco,COST,2008,,,,,72483000000.0,25.0066,1599000000.0,0.0221,6954000000.0,0.0959,20682000000.0,23.7525,,,1283000000.0,0.0177,,87151336725.0,,3.6,215.25,4.89,12.87
Costco,COST,2009,,,,,16843000000.0,23.5472,1250000000.0,0.0742,1666000000.0,0.0989,21979000000.0,23.8134,,,239000000.0,0.0142,,20316633249.0,,3.97,214.56,4.06,13.0
Costco,COST,2010,82.0,,,,18742000000.0,23.654,1055000000.0,0.0563,1873000000.0,0.0999,23815000000.0,23.8936,,,299000000.0,0.016,,22242374450.0,,4.45,218.08,3.85,13.25
Costco,COST,2011,83.0,,,,20875000000.0,23.7618,1290000000.0,0.0618,2038000000.0,0.0976,26761000000.0,24.0102,,,348000000.0,0.0167,,24020357238.0,,4.88,224.92,3.87,13.5
Costco,COST,2012,84.0,3.8,,800,22967000000.0,23.8573,1480000000.0,0.0644,2178000000.0,0.0948,27140000000.0,24.0243,,,394000000.0,0.0172,,25890018163.0,0.2447,5.4,229.59,3.92,13.81
Costco,COST,2013,83.0,3.9,,900,24871000000.0,23.937,2083000000.0,0.0838,2361000000.0,0.0949,30283000000.0,24.1339,,,547000000.0,0.022,,27631953252.0,0.3268,5.85,232.95,4.16,14.01
Costco,COST,2014,84.0,3.9,,1000,26306000000.0,23.9931,1993000000.0,0.0758,2531000000.0,0.0962,33024000000.0,24.2205,,,463000000.0,0.0176,,28760796975.0,0.2956,6.4,236.72,4.67,14.37
Costco,COST,2015,83.0,3.9,,1100,27454000000.0,24.0358,2393000000.0,0.0872,2671000000.0,0.0973,33440000000.0,24.233,,,598000000.0,0.0218,,29980463038.0,0.3401,7.12,237.0,4.75,14.8
Costco,COST,2016,83.0,3.8,,1200,28170000000.0,24.0615,2649000000.0,0.094,2835000000.0,0.1006,33163000000.0,24.2247,,,546000000.0,0.0194,,30376558060.0,0.3572,7.92,240.01,4.54,15.03
Costco,COST,2017,82.0,3.8,,1300,29766000000.0,24.1166,2502000000.0,0.0841,2980000000.0,0.1001,36347000000.0,24.3164,,,515000000.0,0.0173,,31428436929.0,0.3196,8.78,245.12,4.51,15.3
Costco,COST,2018,83.0,3.9,,1400,141576000000.0,25.6761,2969000000.0,0.021,3234000000.0,0.0228,40830000000.0,24.4327,,,701000000.0,0.005,,145923076703.0,0.0819,9.65,251.1,,15.88
Costco,COST,2019,83.0,3.9,,1500,152703000000.0,25.7518,2998000000.0,0.0196,3464000000.0,0.0227,45400000000.0,24.5388,,,889000000.0,0.0058,,154590508234.0,0.0764,10.57,255.65,,16.58
Costco,COST,2020,82.0,3.9,,1600,166761000000.0,25.8398,2810000000.0,0.0169,3743000000.0,0.0224,55556000000.0,24.7407,,,931000000.0,0.0056,,166728789346.0,0.0659,14.53,258.86,,17.59
Costco,COST,2021,81.0,3.8,,1700,195929000000.0,26.001,3588000000.0,0.0183,18461000000.0,0.0942,59268000000.0,24.8053,,,5007000000.0,0.0256,,187136526147.0,0.0695,14.65,270.97,,18.53
Costco,COST,2022,81.0,3.8,,1800,226954000000.0,26.148,3891000000.0,0.0171,19779000000.0,0.0871,64166000000.0,24.8847,,,5844000000.0,0.0257,,200724343847.0,0.065,14.43,292.63,,19.67
Costco,COST,2023,82.0,3.8,,1900,242290000000.0,26.2134,4323000000.0,0.0178,21590000000.0,0.0891,68994000000.0,24.9573,,,6292000000.0,0.026,,205799392517.0,0.0676,15.3,304.7,,20.51
Costco,COST,2024,,,,,254453000000.0,26.2624,4710000000.0,0.0185,22810000000.0,0.0896,69831000000.0,24.9693,,,7367000000.0,0.029,,209929808511.0,,16.1,313.7,,20.93
CVS,CVS,2008,,,,,87472000000.0,25.1946,2180000000.0,0.0249,,,60960000000.0,24.8335,,,3212000000.0,0.0367,,105173650732.0,,3.6,215.25,4.89,12.87
CVS,CVS,2009,,,,,23394000000.0,23.8757,2548000000.0,0.1089,,,61641000000.0,24.8446,,,739000000.0,0.0316,,28218685403.0,,3.97,214.56,4.06,13.0
CVS,CVS,2010,76.0,,,,23760000000.0,23.8913,2005000000.0,0.0844,,,62169000000.0,24.8531,,,771000000.0,0.0324,,28197567865.0,,4.45,218.08,3.85,13.25
CVS,CVS,2011,76.0,,,,25695000000.0,23.9696,1872000000.0,0.0729,,,64543000000.0,24.8906,,,,,,29566614574.0,,4.88,224.92,3.87,13.5
CVS,CVS,2012,76.0,3.0,,1000,30798000000.0,24.1507,2030000000.0,0.0659,,,65912000000.0,24.9116,,,,,,34717672285.0,0.1977,5.4,229.59,3.92,13.81
CVS,CVS,2013,75.0,3.0,,1100,30751000000.0,24.1492,1984000000.0,0.0645,,,71526000000.0,24.9933,,,,,,34164697618.0,0.1935,5.85,232.95,4.16,14.01
CVS,CVS,2014,75.0,3.0,,1200,32689000000.0,24.2103,2136000000.0,0.0653,,,74252000000.0,25.0307,,,4644000000.0,0.1421,,35739439380.0,0.1959,6.4,236.72,4.67,14.37
CVS,CVS,2015,74.0,2.9,,1300,36332000000.0,24.316,2367000000.0,0.0651,,,93657000000.0,25.2629,,,1221000000.0,0.0336,,39675463797.0,0.1888,7.12,237.0,4.75,14.8
CVS,CVS,2016,74.0,2.9,,1400,43215000000.0,24.4895,2224000000.0,0.0515,,,94462000000.0,25.2715,,,1146000000.0,0.0265,,46600033957.0,0.1493,7.92,240.01,4.54,15.03
CVS,CVS,2017,75.0,2.9,,1500,44514000000.0,24.5191,1918000000.0,0.0431,,,95131000000.0,25.2785,,,952000000.0,0.0214,,47000115617.0,0.125,8.78,245.12,4.51,15.3
CVS,CVS,2018,75.0,2.9,,1600,45743000000.0,24.5463,2037000000.0,0.0445,,,196456000000.0,26.0037,,,998000000.0,0.0218,,47147534170.0,0.129,9.65,251.1,,15.88
CVS,CVS,2019,74.0,2.9,,1700,61646000000.0,24.8447,2457000000.0,0.0399,,,216668000000.0,26.1016,,,1421000000.0,0.0231,,62407984588.0,0.1157,10.57,255.65,,16.58
CVS,CVS,2020,74.0,2.9,,1800,268706000000.0,26.3169,2437000000.0,0.0091,,,230715000000.0,26.1644,,,7179000000.0,0.0267,,268654098200.0,0.0264,14.53,258.86,,17.59
CVS,CVS,2021,74.0,2.8,,1900,292111000000.0,26.4004,2520000000.0,0.0086,,,232999000000.0,26.1743,,,7910000000.0,0.0271,,279002280363.0,0.0241,14.65,270.97,,18.53
CVS,CVS,2022,73.0,2.8,,2000,322467000000.0,26.4993,2727000000.0,0.0085,,,228275000000.0,26.1538,,,4149000000.0,0.0129,,285198661347.0,0.0238,14.43,292.63,,19.67
CVS,CVS,2023,73.0,2.7,,2100,357776000000.0,26.6032,3031000000.0,0.0085,,,249728000000.0,26.2436,,,8344000000.0,0.0233,,303892374664.0,0.023,15.3,304.7,,20.51
CVS,CVS,2024,,,,,372809000000.0,26.6443,2781000000.0,0.0075,,,253215000000.0,26.2575,,,4614000000.0,0.0124,,307576338189.0,,16.1,313.7,,20.93
Dollar General,DG,2009,,,,,164898000.0,18.9208,3917000.0,0.0238,,,,,,,,,,198905907.0,,3.97,214.56,4.06,13.0
Dollar General,DG,2010,,,,,154739000.0,18.8573,3527000.0,0.0228,,,201393000.0,19.1208,,,,,,183639034.0,,4.45,218.08,3.85,13.25
Dollar General,DG,2011,,,,,45574000.0,17.6348,7726000.0,0.1695,,,213426000.0,19.1788,,,,,,52440899.0,,4.88,224.92,3.87,13.5
Dollar General,DG,2012,,,,,50212000.0,17.7318,15647000.0,0.3116,,,235431000.0,19.2769,,,,,,56602499.0,,5.4,229.59,3.92,13.81
Dollar General,DG,2013,,,,,46270000.0,17.65,4366000.0,0.0944,,,228782000.0,19.2483,,,6459000.0,0.1396,,51406476.0,,5.85,232.95,4.16,14.01
Dollar General,DG,2014,,,,,46769000.0,17.6607,1994000.0,0.0426,,,236985000.0,19.2835,,,1487000.0,0.0318,,51133343.0,,6.4,236.72,4.67,14.37
Dollar General,DG,2015,74.0,2.8,,300,40819000.0,17.5247,5433000.0,0.1331,,,182866000.0,19.0243,,,-2377000.0,-0.0582,,44575381.0,0.3727,7.12,237.0,4.75,14.8
Dollar General,DG,2016,75.0,2.9,,400,40532000.0,17.5176,5719000.0,0.1411,,,162555000.0,18.9065,,,-413000.0,-0.0102,,43706874.0,0.4092,7.92,240.01,4.54,15.03
Dollar General,DG,2017,75.0,2.9,,500,38962000.0,17.4781,6186000.0,0.1588,,,173083000.0,18.9693,,,-3020000.0,-0.0775,,41138035.0,0.4605,8.78,245.12,4.51,15.3
Dollar General,DG,2018,76.0,2.9,,600,67313000.0,18.0249,45095000.0,0.6699,,,240418000.0,19.2979,,,3920000.0,0.0582,,69379839.0,1.9427,9.65,251.1,,15.88
Dollar General,DG,2019,76.0,3.0,,700,100135000.0,18.422,27210000.0,0.2717,,,277421000.0,19.441,,,15170000.0,0.1515,,101372734.0,0.8151,10.57,255.65,,16.58
Dollar General,DG,2020,75.0,3.0,,800,73564000.0,18.1137,13853000.0,0.1883,,,279645000.0,19.449,,,4155000.0,0.0565,,73549791.0,0.5649,14.53,258.86,,17.59
Dollar General,DG,2021,74.0,2.9,,900,260115000.0,19.3766,8659000.0,0.0333,,,864412000.0,20.5776,,,-202000.0,-0.0008,,248442127.0,0.0966,14.65,270.97,,18.53
Dollar General,DG,2022,73.0,2.8,,1000,654086000.0,20.2987,18584000.0,0.0284,,,878978000.0,20.5943,,,12247000.0,0.0187,,578491603.0,0.0795,14.43,292.63,,19.67
Dollar General,DG,2023,72.0,2.7,,1100,719188000.0,20.3936,15974000.0,0.0222,,,884495000.0,20.6005,,,26259000.0,0.0365,,610873142.0,0.0599,15.3,304.7,,20.51
Dollar General,DG,2024,,,,,642851000.0,20.2814,17284000.0,0.0269,,,671337000.0,20.3248,,,-94452000.0,-0.1469,,530367444.0,,16.1,313.7,,20.93
Dollar Tree,DLTR,2009,,,,,4644900000.0,22.259,131300000.0,0.0283,1226400000.0,0.264,,,,,229500000.0,0.0494,,5602845680.0,,3.97,214.56,4.06,13.0
Dollar Tree,DLTR,2010,,,,,5231200000.0,22.3779,164800000.0,0.0315,1344000000.0,0.2569,2289700000.0,21.5517,,,320500000.0,0.0613,,6208211996.0,,4.45,218.08,3.85,13.25
Dollar Tree,DLTR,2011,,,,,5882400000.0,22.4952,178700000.0,0.0304,1457600000.0,0.2478,2380500000.0,21.5906,,,397300000.0,0.0675,,6768735301.0,,4.88,224.92,3.87,13.5
Dollar Tree,DLTR,2012,,,,,6630500000.0,22.6149,250100000.0,0.0377,1596200000.0,0.2407,2328600000.0,21.5685,,,488300000.0,0.0736,,7474366066.0,,5.4,229.59,3.92,13.81
Dollar Tree,DLTR,2013,,,,,7394500000.0,22.724,312200000.0,0.0422,1732600000.0,0.2343,2752000000.0,21.7356,,,619300000.0,0.0838,,8215370444.0,,5.85,232.95,4.16,14.01
Dollar Tree,DLTR,2014,,,,,7840300000.0,22.7825,330100000.0,0.0421,1819500000.0,0.2321,2771900000.0,21.7428,,,596700000.0,0.0761,,8571933267.0,,6.4,236.72,4.67,14.37
Dollar Tree,DLTR,2015,74.0,2.7,,250,8602200000.0,22.8753,325600000.0,0.0379,1993800000.0,0.2318,3567000000.0,21.995,,,599200000.0,0.0697,,9393820177.0,0.1023,7.12,237.0,4.75,14.8
Dollar Tree,DLTR,2016,75.0,2.8,,300,15498400000.0,23.464,480500000.0,0.031,3607000000.0,0.2327,15901200000.0,23.4897,,,282400000.0,0.0182,,16712390750.0,0.0868,7.92,240.01,4.54,15.03
Dollar Tree,DLTR,2017,76.0,2.8,,350,20719200000.0,23.7543,564700000.0,0.0273,4689900000.0,0.2264,15701600000.0,23.477,,,896200000.0,0.0433,,21876371377.0,0.0764,8.78,245.12,4.51,15.3
Dollar Tree,DLTR,2018,76.0,2.8,,400,22245500000.0,23.8254,632200000.0,0.0284,5022800000.0,0.2258,16332800000.0,23.5164,,,1714300000.0,0.0771,,22928545818.0,0.0795,9.65,251.1,,15.88
Dollar Tree,DLTR,2019,74.0,2.7,,450,22823300000.0,23.851,817100000.0,0.0358,7887000000.0,0.3456,13501200000.0,23.326,,,-1590800000.0,-0.0697,,23105410808.0,0.0967,10.57,255.65,,16.58
Dollar Tree,DLTR,2020,73.0,2.7,,500,23610800000.0,23.885,,,5465500000.0,0.2315,19574600000.0,23.6975,,,827000000.0,0.035,,23606239465.0,,14.53,258.86,,17.59
Dollar Tree,DLTR,2021,73.0,2.7,,550,25509300000.0,23.9623,,,5900400000.0,0.2313,20696000000.0,23.7532,,,1341900000.0,0.0526,,24364549334.0,,14.65,270.97,,18.53
Dollar Tree,DLTR,2022,72.0,2.6,,600,26321200000.0,23.9936,,,5925900000.0,0.2251,21721800000.0,23.8016,,,1327900000.0,0.0504,,23279191375.0,,14.43,292.63,,19.67
Dollar Tree,DLTR,2023,71.0,2.6,,650,28331700000.0,24.0672,,,6699100000.0,0.2365,23022100000.0,23.8597,,,1615400000.0,0.057,,24064743279.0,,15.3,304.7,,20.51
Dollar Tree,DLTR,2024,,,,,30603800000.0,24.1444,,,9144600000.0,0.2988,22023500000.0,23.8154,,,-998400000.0,-0.0326,,25248866682.0,,16.1,313.7,,20.93
Gap,GPS,2008,,,,,15763000000.0,23.4809,682000000.0,0.0433,,,,,,,833000000.0,0.0528,,18952947875.0,,3.6,215.25,4.89,12.87
Gap,GPS,2009,,,,,14526000000.0,23.3992,431000000.0,0.0297,,,7564000000.0,22.7467,,,967000000.0,0.0666,,17521784396.0,,3.97,214.56,4.06,13.0
Gap,GPS,2010,76.0,,,,14197000000.0,23.3763,334000000.0,0.0235,,,7985000000.0,22.8008,,,1102000000.0,0.0776,,16848521506.0,,4.45,218.08,3.85,13.25
Gap,GPS,2011,75.0,,,,14664000000.0,23.4087,557000000.0,0.038,,,7065000000.0,22.6784,,,1204000000.0,0.0821,,16873509870.0,,4.88,224.92,3.87,13.5
Gap,GPS,2012,75.0,3.3,,400,14549000000.0,23.4008,548000000.0,0.0377,,,7422000000.0,22.7277,,,833000000.0,0.0573,,16400656344.0,0.1244,5.4,229.59,3.92,13.81
Gap,GPS,2013,74.0,3.3,,450,15651000000.0,23.4738,659000000.0,0.0421,,,7470000000.0,22.7342,,,1135000000.0,0.0725,,17388432325.0,0.1389,5.85,232.95,4.16,14.01
Gap,GPS,2014,75.0,3.2,,500,16148000000.0,23.5051,670000000.0,0.0415,,,7849000000.0,22.7837,,,1280000000.0,0.0793,,17654882900.0,0.1328,6.4,236.72,4.67,14.37
Gap,GPS,2015,75.0,3.2,,550,16435000000.0,23.5227,714000000.0,0.0434,,,7690000000.0,22.7632,,,1262000000.0,0.0768,,17947436076.0,0.1389,7.12,237.0,4.75,14.8
Gap,GPS,2016,75.0,3.2,,600,15797000000.0,23.4831,726000000.0,0.046,,,7473000000.0,22.7346,,,920000000.0,0.0582,,17034380109.0,0.1472,7.92,240.01,4.54,15.03
Gap,GPS,2017,74.0,3.1,,650,15516000000.0,23.4651,524000000.0,0.0338,,,7610000000.0,22.7527,,,676000000.0,0.0436,,16382571638.0,0.1048,8.78,245.12,4.51,15.3
Gap,GPS,2018,74.0,3.1,,700,15855000000.0,23.4868,731000000.0,0.0461,,,7989000000.0,22.8013,,,848000000.0,0.0535,,16341826165.0,0.1429,9.65,251.1,,15.88
Gap,GPS,2019,75.0,3.1,,750,16580000000.0,23.5315,705000000.0,0.0425,,,8049000000.0,22.8088,,,1003000000.0,0.0605,,16784939566.0,0.1318,10.57,255.65,,16.58
Gap,GPS,2020,76.0,3.2,,800,16383000000.0,23.5195,702000000.0,0.0428,,,13679000000.0,23.3391,,,351000000.0,0.0214,,16379835548.0,0.137,14.53,258.86,,17.59
Gap,GPS,2021,76.0,3.2,,850,13800000000.0,23.3479,392000000.0,0.0284,,,13769000000.0,23.3457,,,-665000000.0,-0.0482,,13180713732.0,0.0909,14.65,270.97,,18.53
Gap,GPS,2022,75.0,3.2,,900,16670000000.0,23.5369,694000000.0,0.0416,,,12761000000.0,23.2697,,,256000000.0,0.0154,,14743405324.0,0.1331,14.43,292.63,,19.67
Gap,GPS,2023,75.0,3.2,,950,15616000000.0,23.4716,685000000.0,0.0439,,,11386000000.0,23.1557,,,-202000000.0,-0.0129,,13264118674.0,0.1405,15.3,304.7,,20.51
Gap,GPS,2024,,,,,14889000000.0,23.4239,420000000.0,0.0282,,,11044000000.0,23.1252,,,502000000.0,0.0337,,12283780969.0,,16.1,313.7,,20.93
Home Depot,HD,2008,,,,,77349000000.0,25.0716,,,17053000000.0,0.2205,,,,,4395000000.0,0.0568,,93002065923.0,,3.6,215.25,4.89,12.87
Home Depot,HD,2009,,,,,71288000000.0,24.99,,,17846000000.0,0.2503,41164000000.0,24.4408,,,2260000000.0,0.0317,,85990153244.0,,3.97,214.56,4.06,13.0
Home Depot,HD,2010,76.0,,,,66176000000.0,24.9156,,,15902000000.0,0.2403,40877000000.0,24.4338,,,2661000000.0,0.0402,,78535448276.0,,4.45,218.08,3.85,13.25
Home Depot,HD,2011,77.0,,,,67997000000.0,24.9427,,,15849000000.0,0.2331,40125000000.0,24.4153,,,3338000000.0,0.0491,,78242502090.0,,4.88,224.92,3.87,13.5
Home Depot,HD,2012,78.0,3.5,,1500,70395000000.0,24.9774,,,16028000000.0,0.2277,40518000000.0,24.425,,,3883000000.0,0.0552,,79354196394.0,,5.4,229.59,3.92,13.81
Home Depot,HD,2013,78.0,3.5,,1700,74754000000.0,25.0375,,,16508000000.0,0.2208,41084000000.0,24.4389,,,4535000000.0,0.0607,,83052512299.0,,5.85,232.95,4.16,14.01
Home Depot,HD,2014,78.0,3.5,,1900,78812000000.0,25.0903,,,16597000000.0,0.2106,40518000000.0,24.425,,,5385000000.0,0.0683,,86166499324.0,,6.4,236.72,4.67,14.37
Home Depot,HD,2015,77.0,3.4,,2100,83176000000.0,25.1442,,,16834000000.0,0.2024,39946000000.0,24.4108,,,6345000000.0,0.0763,,90830297722.0,,7.12,237.0,4.75,14.8
Home Depot,HD,2016,78.0,3.4,,2300,88519000000.0,25.2065,,,16801000000.0,0.1898,42549000000.0,24.4739,,,7009000000.0,0.0792,,95452699429.0,,7.92,240.01,4.54,15.03
Home Depot,HD,2017,77.0,3.5,,2500,94595000000.0,25.2729,,,17132000000.0,0.1811,42966000000.0,24.4837,,,7957000000.0,0.0841,,99878149274.0,,8.78,245.12,4.51,15.3
Home Depot,HD,2018,78.0,3.5,,2700,100904000000.0,25.3374,,,17864000000.0,0.177,44529000000.0,24.5194,,,8630000000.0,0.0855,,104002247073.0,,9.65,251.1,,15.88
Home Depot,HD,2019,78.0,3.5,,2900,108203000000.0,25.4073,,,19513000000.0,0.1803,44003000000.0,24.5075,,,11121000000.0,0.1028,,109540459339.0,,10.57,255.65,,16.58
Home Depot,HD,2020,76.0,3.5,,3100,110225000000.0,25.4258,,,19740000000.0,0.1791,51236000000.0,24.6597,,,11242000000.0,0.102,,110203709534.0,,14.53,258.86,,17.59
Home Depot,HD,2021,75.0,3.4,,3300,132110000000.0,25.6069,,,24447000000.0,0.1851,70581000000.0,24.98,,,12866000000.0,0.0974,,126181455881.0,,14.65,270.97,,18.53
Home Depot,HD,2022,74.0,3.4,,3500,151157000000.0,25.7416,,,25406000000.0,0.1681,71876000000.0,24.9982,,,16433000000.0,0.1087,,133687397635.0,,14.43,292.63,,19.67
Home Depot,HD,2023,73.0,3.3,,3700,157403000000.0,25.7821,,,26284000000.0,0.167,76445000000.0,25.0598,,,17105000000.0,0.1087,,133696982048.0,,15.3,304.7,,20.51
Home Depot,HD,2024,,,,,152669000000.0,25.7515,,,26598000000.0,0.1742,76530000000.0,25.0609,,,15143000000.0,0.0992,,125955575040.0,,16.1,313.7,,20.93
Nordstrom,JWN,2008,,,,,9080000000.0,22.9293,,,,,,,,,,,,10917513589.0,,3.6,215.25,4.89,12.87
Nordstrom,JWN,2009,,,,,8573000000.0,22.8719,,,,,5661000000.0,22.4569,,,401000000.0,0.0468,,10341061381.0,,3.97,214.56,4.06,13.0
Nordstrom,JWN,2010,80.0,,,,8627000000.0,22.8782,,,,,6579000000.0,22.6071,,,441000000.0,0.0511,,10238233080.0,,4.45,218.08,3.85,13.25
Nordstrom,JWN,2011,81.0,,,,9700000000.0,22.9954,,,,,7462000000.0,22.7331,,,613000000.0,0.0632,,11161555220.0,,4.88,224.92,3.87,13.5
Nordstrom,JWN,2012,82.0,3.6,,500,10877000000.0,23.1099,,,3019000000.0,0.2776,8491000000.0,22.8623,,,683000000.0,0.0628,,12261319613.0,,5.4,229.59,3.92,13.81
Nordstrom,JWN,2013,81.0,3.6,,550,12148000000.0,23.2204,,,3357000000.0,0.2763,8089000000.0,22.8138,,,735000000.0,0.0605,,13496560979.0,,5.85,232.95,4.16,14.01
Nordstrom,JWN,2014,80.0,3.5,,600,12540000000.0,23.2522,,,3453000000.0,0.2754,8574000000.0,22.872,,,734000000.0,0.0585,,13710195167.0,,6.4,236.72,4.67,14.37
Nordstrom,JWN,2015,80.0,3.5,,650,13506000000.0,23.3264,,,3777000000.0,0.2797,9245000000.0,22.9473,,,720000000.0,0.0533,,14748893924.0,,7.12,237.0,4.75,14.8
Nordstrom,JWN,2016,81.0,3.5,,700,14437000000.0,23.3931,,,4168000000.0,0.2887,7698000000.0,22.7642,,,600000000.0,0.0416,,15567851215.0,,7.92,240.01,4.54,15.03
Nordstrom,JWN,2017,81.0,3.5,,750,14757000000.0,23.415,,,4315000000.0,0.2924,7858000000.0,22.7848,,,354000000.0,0.024,,15581181340.0,,8.78,245.12,4.51,15.3
Nordstrom,JWN,2018,81.0,3.4,,800,15478000000.0,23.4627,,,4662000000.0,0.3012,8115000000.0,22.817,,,437000000.0,0.0282,,15953250418.0,,9.65,251.1,,15.88
Nordstrom,JWN,2019,79.0,3.4,,850,15860000000.0,23.4871,,,4868000000.0,0.3069,7886000000.0,22.7884,,,564000000.0,0.0356,,16056039898.0,,10.57,255.65,,16.58
Nordstrom,JWN,2020,78.0,3.3,,900,15524000000.0,23.4657,,,4808000000.0,0.3097,9737000000.0,22.9992,,,496000000.0,0.032,,15521001468.0,,14.53,258.86,,17.59
Nordstrom,JWN,2021,77.0,3.3,,950,10715000000.0,23.0949,,,4162000000.0,0.3884,9538000000.0,22.9785,,,-690000000.0,-0.0644,,10234155626.0,,14.65,270.97,,18.53
Nordstrom,JWN,2022,77.0,3.2,,1000,14789000000.0,23.4171,,,4953000000.0,0.3349,8869000000.0,22.9058,,,178000000.0,0.012,,13079797321.0,,14.43,292.63,,19.67
Nordstrom,JWN,2023,76.0,3.2,,1050,15530000000.0,23.466,,,5046000000.0,0.3249,8745000000.0,22.8917,,,245000000.0,0.0158,,13191070889.0,,15.3,304.7,,20.51
Nordstrom,JWN,2024,,,,,14693000000.0,23.4106,,,4855000000.0,0.3304,8444000000.0,22.8567,,,134000000.0,0.0091,,12122076283.0,,16.1,313.7,,20.93
Kroger,KR,2008,,,,,70336000000.0,24.9765,,,,,,,,,1209000000.0,0.0172,,84569849756.0,,3.6,215.25,4.89,12.87
Kroger,KR,2009,,,,,76148000000.0,25.0559,,,,,23257000000.0,23.8699,,,1249000000.0,0.0164,,91852460291.0,,3.97,214.56,4.06,13.0
Kroger,KR,2010,76.0,,,,76609000000.0,25.062,,,,,23093000000.0,23.8628,,,70000000.0,0.0009,,90916981337.0,,4.45,218.08,3.85,13.25
Kroger,KR,2011,76.0,,,,82049000000.0,25.1306,,,,,23505000000.0,23.8805,,,1116000000.0,0.0136,,94411798373.0,,4.88,224.92,3.87,13.5
Kroger,KR,2012,77.0,3.0,,1000,90269000000.0,25.2261,,,,,23476000000.0,23.8792,,,602000000.0,0.0067,,101757567359.0,,5.4,229.59,3.92,13.81
Kroger,KR,2013,78.0,3.0,,1100,96619000000.0,25.294,,,,,24652000000.0,23.9281,,,1497000000.0,0.0155,,107344766645.0,,5.85,232.95,4.16,14.01
Kroger,KR,2014,77.0,3.0,,1200,98375000000.0,25.3121,,,,,29281000000.0,24.1002,,,1519000000.0,0.0154,,107555059775.0,,6.4,236.72,4.67,14.37
Kroger,KR,2015,77.0,3.1,,1300,108465000000.0,25.4097,,,,,30556000000.0,24.1428,,,1728000000.0,0.0159,,118446525949.0,,7.12,237.0,4.75,14.8
Kroger,KR,2016,77.0,3.1,,1400,109830000000.0,25.4222,,,,,33897000000.0,24.2466,,,2039000000.0,0.0186,,118432991542.0,,7.92,240.01,4.54,15.03
Kroger,KR,2017,76.0,3.1,,1500,115337000000.0,25.4711,,,,,36505000000.0,24.3207,,,1975000000.0,0.0171,,121778594036.0,,8.78,245.12,4.51,15.3
Kroger,KR,2018,76.0,3.1,,1600,122662000000.0,25.5327,,,,,37197000000.0,24.3395,,,1907000000.0,0.0155,,126428324253.0,,9.65,251.1,,15.88
Kroger,KR,2019,76.0,3.1,,1700,121162000000.0,25.5204,,,,,38118000000.0,24.364,,,3110000000.0,0.0257,,122659640994.0,,10.57,255.65,,16.58
Kroger,KR,2020,77.0,3.2,,1800,122286000000.0,25.5296,,,,,45256000000.0,24.5356,,,1659000000.0,0.0136,,122262379896.0,,14.53,258.86,,17.59
Kroger,KR,2021,76.0,3.1,,1900,132498000000.0,25.6098,,,,,48662000000.0,24.6082,,,2585000000.0,0.0195,,126552044064.0,,14.65,270.97,,18.53
Kroger,KR,2022,75.0,3.0,,2000,137888000000.0,25.6497,,,,,49086000000.0,24.6168,,,1655000000.0,0.012,,121951930014.0,,14.43,292.63,,19.67
Kroger,KR,2023,74.0,3.0,,2100,148258000000.0,25.7222,,,,,49623000000.0,24.6277,,,2244000000.0,0.0151,,125929284477.0,,15.3,304.7,,20.51
Kroger,KR,2024,,,,,150039000000.0,25.7342,,,,,50505000000.0,24.6453,,,2164000000.0,0.0144,,123785762161.0,,16.1,313.7,,20.93
Kohl's,KSS,2008,,,,,16474000000.0,23.525,,,3697000000.0,0.2244,,,,,1084000000.0,0.0658,,19807832474.0,,3.6,215.25,4.89,12.87
Kohl's,KSS,2009,,,,,16389000000.0,23.5199,,,3936000000.0,0.2402,11363000000.0,23.1536,,,885000000.0,0.054,,19769002097.0,,3.97,214.56,4.06,13.0
Kohl's,KSS,2010,78.0,,,,17178000000.0,23.5669,,,4144000000.0,0.2412,13160000000.0,23.3004,,,991000000.0,0.0577,,20386271919.0,,4.45,218.08,3.85,13.25
Kohl's,KSS,2011,78.0,,,,18391000000.0,23.6351,,,4462000000.0,0.2426,13564000000.0,23.3307,,,1114000000.0,0.0606,,21162078561.0,,4.88,224.92,3.87,13.5
Kohl's,KSS,2012,77.0,3.3,,500,18804000000.0,23.6573,,,4243000000.0,0.2256,14094000000.0,23.369,,,1167000000.0,0.0621,,21197191690.0,,5.4,229.59,3.92,13.81
Kohl's,KSS,2013,77.0,3.2,,550,19279000000.0,23.6823,,,4267000000.0,0.2213,13905000000.0,23.3555,,,986000000.0,0.0511,,21419180039.0,,5.85,232.95,4.16,14.01
Kohl's,KSS,2014,77.0,3.2,,600,19031000000.0,23.6693,,,4313000000.0,0.2266,14378000000.0,23.389,,,889000000.0,0.0467,,20806915808.0,,6.4,236.72,4.67,14.37
Kohl's,KSS,2015,76.0,3.2,,650,19023000000.0,23.6689,,,4350000000.0,0.2287,14431000000.0,23.3926,,,867000000.0,0.0456,,20773597595.0,,7.12,237.0,4.75,14.8
Kohl's,KSS,2016,76.0,3.2,,700,19204000000.0,23.6784,,,4452000000.0,0.2318,13606000000.0,23.3338,,,673000000.0,0.035,,20708250656.0,,7.92,240.01,4.54,15.03
Kohl's,KSS,2017,76.0,3.2,,750,18686000000.0,23.651,,,4435000000.0,0.2373,13574000000.0,23.3314,,,556000000.0,0.0298,,19729616759.0,,8.78,245.12,4.51,15.3
Kohl's,KSS,2018,77.0,3.3,,800,19095000000.0,23.6727,,,4512000000.0,0.2363,13340000000.0,23.314,,,859000000.0,0.045,,19681310036.0,,9.65,251.1,,15.88
Kohl's,KSS,2019,77.0,3.2,,850,20229000000.0,23.7304,,,5601000000.0,0.2769,12469000000.0,23.2465,,,801000000.0,0.0396,,20479043575.0,,10.57,255.65,,16.58
Kohl's,KSS,2020,77.0,3.2,,900,19974000000.0,23.7177,,,5705000000.0,0.2856,14555000000.0,23.4012,,,691000000.0,0.0346,,19970141930.0,,14.53,258.86,,17.59
Kohl's,KSS,2021,76.0,3.1,,950,15955000000.0,23.493,,,5021000000.0,0.3147,15337000000.0,23.4535,,,-163000000.0,-0.0102,,15239006348.0,,14.65,270.97,,18.53
Kohl's,KSS,2022,75.0,3.1,,1000,19433000000.0,23.6902,,,5478000000.0,0.2819,15054000000.0,23.4349,,,938000000.0,0.0483,,17187078324.0,,14.43,292.63,,19.67
Kohl's,KSS,2023,74.0,3.0,,1050,18098000000.0,23.6191,,,5587000000.0,0.3087,14345000000.0,23.3867,,,-19000000.0,-0.001,,15372311716.0,,15.3,304.7,,20.51
Kohl's,KSS,2024,,,,,17476000000.0,23.5841,,,5512000000.0,0.3154,14009000000.0,23.363,,,317000000.0,0.0181,,14418117820.0,,16.1,313.7,,20.93
Lowe's,LOW,2008,,,,,48283000000.0,24.6003,4010000000.0,0.0831,10515000000.0,0.2178,,,,,,,,58053998746.0,,3.6,215.25,4.89,12.87
Lowe's,LOW,2009,,,,,48230000000.0,24.5992,3266000000.0,0.0677,11074000000.0,0.2296,32625000000.0,24.2083,,,,,,58176763143.0,,3.97,214.56,4.06,13.0
Lowe's,LOW,2010,78.0,,,,47220000000.0,24.5781,1799000000.0,0.0381,11688000000.0,0.2475,33005000000.0,24.2199,,,,,,56039105833.0,,4.45,218.08,3.85,13.25
Lowe's,LOW,2011,77.0,,,,48815000000.0,24.6113,1329000000.0,0.0272,12006000000.0,0.2459,33699000000.0,24.2407,,,,,,56170238974.0,,4.88,224.92,3.87,13.5
Lowe's,LOW,2012,78.0,3.3,,1000,50208000000.0,24.6394,1829000000.0,0.0364,12593000000.0,0.2508,33559000000.0,24.2366,,,,,,56597989808.0,0.1201,5.4,229.59,3.92,13.81
Lowe's,LOW,2013,79.0,3.3,,1100,50521000000.0,24.6457,1211000000.0,0.024,12244000000.0,0.2424,32666000000.0,24.2096,,,1959000000.0,0.0388,,56129384031.0,0.0792,5.85,232.95,4.16,14.01
Lowe's,LOW,2014,78.0,3.2,,1200,53417000000.0,24.7014,940000000.0,0.0176,12865000000.0,0.2408,32732000000.0,24.2116,,,2286000000.0,0.0428,,58401714135.0,0.0563,6.4,236.72,4.67,14.37
Lowe's,LOW,2015,78.0,3.3,,1300,56223000000.0,24.7526,880000000.0,0.0157,13281000000.0,0.2362,31827000000.0,24.1836,,,2698000000.0,0.048,,61396939367.0,0.0518,7.12,237.0,4.75,14.8
Lowe's,LOW,2016,78.0,3.3,,1400,59074000000.0,24.8021,1197000000.0,0.0203,14115000000.0,0.2389,31266000000.0,24.1658,,,2546000000.0,0.0431,,63701270530.0,0.067,7.92,240.01,4.54,15.03
Lowe's,LOW,2017,78.0,3.3,,1500,65017000000.0,24.8979,1167000000.0,0.0179,15129000000.0,0.2327,34408000000.0,24.2616,,,3091000000.0,0.0475,,68648212182.0,0.0591,8.78,245.12,4.51,15.3
Lowe's,LOW,2018,78.0,3.3,,1600,68619000000.0,24.9518,1123000000.0,0.0164,15376000000.0,0.2241,35291000000.0,24.2869,,,3447000000.0,0.0502,,70725939427.0,0.0541,9.65,251.1,,15.88
Lowe's,LOW,2019,79.0,3.3,,1700,71309000000.0,24.9903,1174000000.0,0.0165,17413000000.0,0.2442,34508000000.0,24.2645,,,2314000000.0,0.0325,,72190425543.0,0.0544,10.57,255.65,,16.58
Lowe's,LOW,2020,78.0,3.4,,1800,72148000000.0,25.002,1484000000.0,0.0206,15367000000.0,0.213,39471000000.0,24.3988,,,4281000000.0,0.0593,,72134064282.0,0.07,14.53,258.86,,17.59
Lowe's,LOW,2021,76.0,3.3,,1900,89597000000.0,25.2186,1791000000.0,0.02,18526000000.0,0.2068,46735000000.0,24.5678,,,5835000000.0,0.0651,,85576261468.0,0.066,14.65,270.97,,18.53
Lowe's,LOW,2022,76.0,3.2,,2000,96250000000.0,25.2902,1853000000.0,0.0193,18301000000.0,0.1901,44640000000.0,24.5219,,,8442000000.0,0.0877,,85126140519.0,0.0618,14.43,292.63,,19.67
Lowe's,LOW,2023,75.0,3.2,,2100,97059000000.0,25.2986,1829000000.0,0.0188,20332000000.0,0.2095,43708000000.0,24.5008,,,6437000000.0,0.0663,,82441220184.0,0.0602,15.3,304.7,,20.51
Lowe's,LOW,2024,,,,,86377000000.0,25.182,1964000000.0,0.0227,15570000000.0,0.1803,41795000000.0,24.456,,,7726000000.0,0.0894,,71263090118.0,,16.1,313.7,,20.93
Macy's,M,2008,,,,,26313000000.0,23.9933,994000000.0,0.0378,8554000000.0,0.3251,,,,,893000000.0,0.0339,,31637944390.0,,3.6,215.25,4.89,12.87
Macy's,M,2009,,,,,24892000000.0,23.9378,761000000.0,0.0306,8481000000.0,0.3407,22145000000.0,23.8209,,,-4803000000.0,-0.193,,30025626957.0,,3.97,214.56,4.06,13.0
Macy's,M,2010,76.0,,,,23489000000.0,23.8798,355000000.0,0.0151,8062000000.0,0.3432,21300000000.0,23.782,,,350000000.0,0.0149,,27875954191.0,,4.45,218.08,3.85,13.25
Macy's,M,2011,76.0,,,,25003000000.0,23.9423,339000000.0,0.0136,8260000000.0,0.3304,20631000000.0,23.7501,,,847000000.0,0.0339,,28770346923.0,,4.88,224.92,3.87,13.5
Macy's,M,2012,77.0,3.2,,600,26405000000.0,23.9968,555000000.0,0.021,8281000000.0,0.3136,22095000000.0,23.8186,,,1256000000.0,0.0476,,29765573631.0,0.0672,5.4,229.59,3.92,13.81
Macy's,M,2013,77.0,3.2,,700,27686000000.0,24.0442,698000000.0,0.0252,8482000000.0,0.3064,20991000000.0,23.7674,,,1335000000.0,0.0482,,30759449066.0,0.0806,5.85,232.95,4.16,14.01
Macy's,M,2014,76.0,3.1,,800,27931000000.0,24.053,607000000.0,0.0217,8440000000.0,0.3022,21634000000.0,23.7975,,,1486000000.0,0.0532,,30537437099.0,0.0673,6.4,236.72,4.67,14.37
Macy's,M,2015,76.0,3.1,,900,28105000000.0,24.0592,770000000.0,0.0274,8355000000.0,0.2973,21461000000.0,23.7895,,,1526000000.0,0.0543,,30691371519.0,0.0849,7.12,237.0,4.75,14.8
Macy's,M,2016,77.0,3.1,,1000,27079000000.0,24.022,777000000.0,0.0287,8256000000.0,0.3049,20576000000.0,23.7474,,,1072000000.0,0.0396,,29200099954.0,0.089,7.92,240.01,4.54,15.03
Macy's,M,2017,76.0,3.1,,1100,25778000000.0,23.9728,596000000.0,0.0231,8265000000.0,0.3206,19851000000.0,23.7115,,,619000000.0,0.024,,27217706348.0,0.0716,8.78,245.12,4.51,15.3
Macy's,M,2018,76.0,3.1,,1200,24837000000.0,23.9356,487000000.0,0.0196,8131000000.0,0.3274,19381000000.0,23.6876,,,1547000000.0,0.0623,,25599617563.0,0.0608,9.65,251.1,,15.88
Macy's,M,2019,76.0,3.0,,1300,24971000000.0,23.941,657000000.0,0.0263,9039000000.0,0.362,19194000000.0,23.6779,,,1108000000.0,0.0444,,25279657774.0,0.0789,10.57,255.65,,16.58
Macy's,M,2020,75.0,3.0,,1400,24560000000.0,23.9244,902000000.0,0.0367,8998000000.0,0.3664,21172000000.0,23.7759,,,564000000.0,0.023,,24555256123.0,0.1101,14.53,258.86,,17.59
Macy's,M,2021,76.0,3.0,,1500,17346000000.0,23.5766,338000000.0,0.0195,6767000000.0,0.3901,17706000000.0,23.5972,,,-3944000000.0,-0.2274,,16567584087.0,0.0585,14.65,270.97,,18.53
Macy's,M,2022,75.0,3.0,,1600,25399000000.0,23.958,354000000.0,0.0139,8047000000.0,0.3168,17590000000.0,23.5906,,,1430000000.0,0.0563,,22463572395.0,0.0417,14.43,292.63,,19.67
Macy's,M,2023,74.0,2.9,,1700,25449000000.0,23.9599,888000000.0,0.0349,8317000000.0,0.3268,16866000000.0,23.5486,,,1177000000.0,0.0462,,21616198523.0,0.1012,15.3,304.7,,20.51
Macy's,M,2024,,,,,23866000000.0,23.8957,631000000.0,0.0264,8375000000.0,0.3509,16246000000.0,23.5111,,,105000000.0,0.0044,,19690020593.0,,16.1,313.7,,20.93
Target,TGT,2008,,,,,63367000000.0,24.8722,4369000000.0,0.0689,12670000000.0,0.1999,,,,,,,,76190537840.0,,3.6,215.25,4.89,12.87
Target,TGT,2009,,,,,64948000000.0,24.8969,3547000000.0,0.0546,12954000000.0,0.1995,44106000000.0,24.5099,,,,,,78342616890.0,,3.97,214.56,4.06,13.0
Target,TGT,2010,77.0,,,,65357000000.0,24.9031,1729000000.0,0.0265,13078000000.0,0.2001,44533000000.0,24.5195,,,,,,77563486656.0,,4.45,218.08,3.85,13.25
Target,TGT,2011,77.0,,,,67390000000.0,24.9338,2129000000.0,0.0316,13469000000.0,0.1999,43705000000.0,24.5007,,,,,,77544041882.0,,4.88,224.92,3.87,13.5
Target,TGT,2012,78.0,3.3,,2000,69865000000.0,24.9698,4368000000.0,0.0625,14106000000.0,0.2019,46630000000.0,24.5655,,,,,,78756743107.0,0.2062,5.4,229.59,3.92,13.81
Target,TGT,2013,79.0,3.3,,2200,73301000000.0,25.0178,3277000000.0,0.0447,14914000000.0,0.2035,48163000000.0,24.5979,,,,,,81438213393.0,0.1475,5.85,232.95,4.16,14.01
Target,TGT,2014,77.0,3.2,,2400,71279000000.0,24.9899,3453000000.0,0.0484,15375000000.0,0.2157,44553000000.0,24.5199,,,,,,77930542371.0,0.1549,6.4,236.72,4.67,14.37
Target,TGT,2015,78.0,3.3,,2600,72618000000.0,25.0085,1786000000.0,0.0246,14676000000.0,0.2021,41404000000.0,24.4466,,,,,,79300694430.0,0.0812,7.12,237.0,4.75,14.8
Target,TGT,2016,78.0,3.3,,2800,73785000000.0,25.0244,1438000000.0,0.0195,14665000000.0,0.1988,40262000000.0,24.4187,,,,,,79564584184.0,0.0643,7.92,240.01,4.54,15.03
Target,TGT,2017,77.0,3.4,,3000,69495000000.0,24.9645,1547000000.0,0.0223,13356000000.0,0.1922,37431000000.0,24.3458,,,,,,73376309359.0,0.0758,8.78,245.12,4.51,15.3
Target,TGT,2018,77.0,3.5,,3200,71879000000.0,24.9982,2533000000.0,0.0352,14248000000.0,0.1982,38999000000.0,24.3868,,,,,,74086037395.0,0.1232,9.65,251.1,,15.88
Target,TGT,2019,77.0,3.5,,3400,75356000000.0,25.0455,3516000000.0,0.0467,15723000000.0,0.2086,41290000000.0,24.4439,,,,,,76287449091.0,0.1634,10.57,255.65,,16.58
Target,TGT,2020,78.0,3.5,,3600,78112000000.0,25.0814,3027000000.0,0.0388,16233000000.0,0.2078,42779000000.0,24.4793,,,,,,78096912308.0,0.1358,14.53,258.86,,17.59
Target,TGT,2021,77.0,3.5,,3800,93561000000.0,25.2619,2649000000.0,0.0283,18615000000.0,0.199,51248000000.0,24.6599,,,4368000000.0,0.0467,,89362373731.0,0.099,14.65,270.97,,18.53
Target,TGT,2022,77.0,3.4,,4000,106005000000.0,25.3868,3544000000.0,0.0334,19752000000.0,0.1863,53811000000.0,24.7087,,,6946000000.0,0.0655,,93753730137.0,0.1136,14.43,292.63,,19.67
Target,TGT,2023,78.0,3.4,,4200,109120000000.0,25.4157,5528000000.0,0.0507,20658000000.0,0.1893,53335000000.0,24.6999,,,2780000000.0,0.0255,,92685747292.0,0.1724,15.3,304.7,,20.51
Target,TGT,2024,,,,,107412000000.0,25.3999,4806000000.0,0.0447,21554000000.0,0.2007,55356000000.0,24.7371,,,4138000000.0,0.0385,,88617468027.0,,16.1,313.7,,20.93
TJX,TJX,2008,,,,,18336726000.0,23.6322,526987000.0,0.0287,2997263000.0,0.1635,,,,,,,,22047517101.0,,3.6,215.25,4.89,12.87
TJX,TJX,2009,,,,,18999505000.0,23.6677,582932000.0,0.0307,3135589000.0,0.165,6178242000.0,22.5443,,,,,,22917887253.0,,3.97,214.56,4.06,13.0
TJX,TJX,2010,,,,,20288444000.0,23.7333,429282000.0,0.0212,3328944000.0,0.1641,7463977000.0,22.7334,,,,,,24077642111.0,,4.45,218.08,3.85,13.25
TJX,TJX,2011,,,,,21942193000.0,23.8117,707134000.0,0.0322,3710053000.0,0.1691,7971763000.0,22.7992,,,,,,25248350393.0,,4.88,224.92,3.87,13.5
TJX,TJX,2012,,3.3,,400,23191455000.0,23.867,803330000.0,0.0346,3890144000.0,0.1677,8281605000.0,22.8373,,,,,,26143039630.0,0.1142,5.4,229.59,3.92,13.81
TJX,TJX,2013,,3.3,,450,25878372000.0,23.9767,978228000.0,0.0378,4250446000.0,0.1642,9511855000.0,22.9758,,,1906687000.0,0.0737,,28751154571.0,0.1247,5.85,232.95,4.16,14.01
TJX,TJX,2014,78.0,3.4,,500,27422696000.0,24.0346,946678000.0,0.0345,4467089000.0,0.1629,10201022000.0,23.0458,,,2137396000.0,0.0779,,29981699695.0,0.1173,6.4,236.72,4.67,14.37
TJX,TJX,2015,78.0,3.4,,550,29078407000.0,24.0933,911522000.0,0.0313,4695384000.0,0.1615,11128381000.0,23.1328,,,2215128000.0,0.0762,,31754356606.0,0.1064,7.12,237.0,4.75,14.8
TJX,TJX,2016,79.0,3.4,,600,30944938000.0,24.1555,889380000.0,0.0287,5205715000.0,0.1682,11499482000.0,23.1656,,,2277658000.0,0.0736,,33368857147.0,0.0976,7.92,240.01,4.54,15.03
TJX,TJX,2017,79.0,3.4,,650,33183744000.0,24.2253,1024747000.0,0.0309,5768467000.0,0.1738,12883808000.0,23.2792,,,2298234000.0,0.0693,,35037062601.0,0.1051,8.78,245.12,4.51,15.3
TJX,TJX,2018,80.0,3.4,,700,35864664000.0,24.303,1057617000.0,0.0295,6375071000.0,0.1778,14058015000.0,23.3665,,,2607948000.0,0.0727,,36965884866.0,0.1003,9.65,251.1,,15.88
Walgreens,WBA,2013,75.0,3.1,,900,72217000000.0,25.0029,1212000000.0,0.0168,17543000000.0,0.2429,,,,,2548000000.0,0.0353,,80233877527.0,0.0521,5.85,232.95,4.16,14.01
Walgreens,WBA,2014,74.0,3.0,,1000,76392000000.0,25.0591,1106000000.0,0.0145,17992000000.0,0.2355,37250000000.0,24.3409,,,716000000.0,0.0094,,83520672187.0,0.0435,6.4,236.72,4.67,14.37
Walgreens,WBA,2015,73.0,3.0,,1100,103444000000.0,25.3623,1251000000.0,0.0121,22571000000.0,0.2182,68782000000.0,24.9542,,,2042000000.0,0.0197,,112963466835.0,0.0363,7.12,237.0,4.75,14.8
Walgreens,WBA,2016,73.0,3.0,,1200,117351000000.0,25.4884,1325000000.0,0.0113,23910000000.0,0.2037,72688000000.0,25.0094,,,930000000.0,0.0079,,126543111995.0,0.0339,7.92,240.01,4.54,15.03
Walgreens,WBA,2017,74.0,3.0,,1300,29446000000.0,24.1058,1351000000.0,0.0459,23740000000.0,0.8062,66009000000.0,24.9131,,,1060000000.0,0.036,,31090564866.0,0.1377,8.78,245.12,4.51,15.3
Walgreens,WBA,2018,74.0,3.0,,1400,33021000000.0,24.2204,1367000000.0,0.0414,24569000000.0,0.744,68124000000.0,24.9446,,,1349000000.0,0.0409,,34034906452.0,0.1242,9.65,251.1,,15.88
Walgreens,WBA,2019,73.0,2.9,,1500,34528000000.0,24.265,1702000000.0,0.0493,25242000000.0,0.7311,67598000000.0,24.9368,,,1156000000.0,0.0335,,34954788500.0,0.143,10.57,255.65,,16.58
Walgreens,WBA,2020,73.0,2.9,,1600,35820000000.0,24.3018,1374000000.0,0.0384,27045000000.0,0.755,87174000000.0,25.1912,,,946000000.0,0.0264,,35813081202.0,0.1114,14.53,258.86,,17.59
Walgreens,WBA,2021,73.0,2.9,,1700,32779000000.0,24.2131,1379000000.0,0.0421,24586000000.0,0.7501,81285000000.0,25.1212,,,1026000000.0,0.0313,,31308015611.0,0.1221,14.65,270.97,,18.53
Walgreens,WBA,2022,72.0,2.8,,1800,33756000000.0,24.2424,1734000000.0,0.0514,27295000000.0,0.8086,90124000000.0,25.2245,,,883000000.0,0.0262,,29854732461.0,0.1439,14.43,292.63,,19.67
Walgreens,WBA,2023,71.0,2.8,,1900,34862000000.0,24.2747,2117000000.0,0.0607,34205000000.0,0.9812,96628000000.0,25.2941,,,703000000.0,0.0202,,29611533377.0,0.17,15.3,304.7,,20.51
Walgreens,WBA,2024,,,,,147658000000.0,25.7182,1381000000.0,0.0094,28113000000.0,0.1904,81037000000.0,25.1182,,,-8636000000.0,-0.0585,,121821380236.0,,16.1,313.7,,20.93
Walmart,WMT,2008,,,,,377023000000.0,26.6556,14937000000.0,0.0396,70934000000.0,0.1881,,,,,12731000000.0,0.0338,,453320894913.0,,3.6,215.25,4.89,12.87
Walmart,WMT,2009,,,,,404374000000.0,26.7256,11499000000.0,0.0284,77520000000.0,0.1917,163429000000.0,25.8196,,,13400000000.0,0.0331,,487770483501.0,,3.97,214.56,4.06,13.0
Walmart,WMT,2010,71.0,,,,408214000000.0,26.7351,12184000000.0,0.0298,79607000000.0,0.195,170706000000.0,25.8632,,,14335000000.0,0.0351,,484454628302.0,,4.45,218.08,3.85,13.25
Walmart,WMT,2011,71.0,,,,421849000000.0,26.7679,12699000000.0,0.0301,81020000000.0,0.1921,180663000000.0,25.9199,,,16389000000.0,0.0389,,485411433799.0,,4.88,224.92,3.87,13.5
Walmart,WMT,2012,71.0,3.1,,5000,446950000000.0,26.8257,13510000000.0,0.0302,85265000000.0,0.1908,193406000000.0,25.9881,,,15699000000.0,0.0351,,503833483601.0,0.0936,5.4,229.59,3.92,13.81
Walmart,WMT,2013,72.0,3.1,,5500,469162000000.0,26.8742,12898000000.0,0.0275,88873000000.0,0.1894,203105000000.0,26.037,,,16999000000.0,0.0362,,521244117708.0,0.0853,5.85,232.95,4.16,14.01
Walmart,WMT,2014,72.0,3.0,,6000,476294000000.0,26.8893,13115000000.0,0.0275,91353000000.0,0.1918,204751000000.0,26.0451,,,16022000000.0,0.0336,,520740326715.0,0.0825,6.4,236.72,4.67,14.37
Walmart,WMT,2015,68.0,3.1,,6500,485651000000.0,26.9088,12174000000.0,0.0251,93418000000.0,0.1924,203706000000.0,26.0399,,,16363000000.0,0.0337,,530343186962.0,0.0778,7.12,237.0,4.75,14.8
Walmart,WMT,2016,72.0,3.2,,7000,482130000000.0,26.9015,11477000000.0,0.0238,97041000000.0,0.2013,199581000000.0,26.0195,,,14694000000.0,0.0305,,519895276447.0,0.0762,7.92,240.01,4.54,15.03
Walmart,WMT,2017,72.0,3.2,,7500,485873000000.0,26.9092,10619000000.0,0.0219,101853000000.0,0.2096,198825000000.0,26.0157,,,13643000000.0,0.0281,,513009102195.0,0.0701,8.78,245.12,4.51,15.3
Walmart,WMT,2018,73.0,3.3,,8000,500343000000.0,26.9386,10051000000.0,0.0201,106510000000.0,0.2129,204522000000.0,26.0439,,,9862000000.0,0.0197,,515705981004.0,0.0663,9.65,251.1,,15.88
Walmart,WMT,2019,74.0,3.3,,8500,514405000000.0,26.9663,10344000000.0,0.0201,107147000000.0,0.2083,219295000000.0,26.1137,,,6670000000.0,0.013,,520763379816.0,0.0663,10.57,255.65,,16.58
Walmart,WMT,2020,75.0,3.4,,9000,523964000000.0,26.9847,10705000000.0,0.0204,108791000000.0,0.2076,236495000000.0,26.1892,,,14881000000.0,0.0284,,523862793943.0,0.0694,14.53,258.86,,17.59
Walmart,WMT,2021,75.0,3.4,,9500,559151000000.0,27.0497,10264000000.0,0.0184,116288000000.0,0.208,252496000000.0,26.2547,,,13510000000.0,0.0242,,534058642322.0,0.0626,14.65,270.97,,18.53
Walmart,WMT,2022,73.0,3.3,,10000,572754000000.0,27.0737,13106000000.0,0.0229,117812000000.0,0.2057,244860000000.0,26.224,,,13673000000.0,0.0239,,506559350511.0,0.0756,14.43,292.63,,19.67
Walmart,WMT,2023,73.0,3.2,,10500,611289000000.0,27.1388,16857000000.0,0.0276,127140000000.0,0.208,243197000000.0,26.2171,,,11680000000.0,0.0191,,519224503085.0,0.0883,15.3,304.7,,20.51
Walmart,WMT,2024,,,,,648125000000.0,27.1973,20606000000.0,0.0318,130971000000.0,0.2021,252399000000.0,26.2543,,,15511000000.0,0.0239,,534718620497.0,,16.1,313.7,,20.93
