company,ticker,year,cap_software_gross,cap_software_net,cap_software_additions,cap_software_amort,intangibles_net,rd_expense,emp_liab_current,emp_liab_total,revenue,cap_software_gross_rev,intangibles_net_rev,rd_expense_rev,emp_liab_current_rev
Amazon,AMZN,2008,,,187000000,143000000,,,,,19166000000,,,,
Amazon,AMZN,2009,,,35000000,172000000,,,,,4889000000,,,,
Amazon,AMZN,2010,,,38000000,184000000,,,,,7131000000,,,,
Amazon,AMZN,2011,623000000,,51000000,236000000,,,,,9857000000,0.063204,,,
Amazon,AMZN,2012,866000000,,74000000,327000000,,,,,9857000000,0.087856,,,
Amazon,AMZN,2013,1100000000,,87000000,451000000,,,,,16070000000,0.068451,,,
Amazon,AMZN,2014,1300000000,,641000000,559000000,,,,,19741000000,0.065853,,,
Amazon,AMZN,2015,1400000000,,642000000,635000000,,,,,22717000000,0.061628,,,
Amazon,AMZN,2016,1400000000,,511000000,634000000,854000000,,,,29128000000,0.048064,0.029319,,
Amazon,AMZN,2017,1100000000,,395000000,545000000,3371000000,,,2900000000,35714000000,0.0308,0.094389,,
Amazon,AMZN,2018,,,,,4110000000,,,3400000000,51042000000,,0.080522,,
Amazon,AMZN,2019,,,,,4049000000,,,4300000000,59700000000,,0.067822,,
Amazon,AMZN,2020,,,,,4981000000,,7600000000,7600000000,75452000000,,0.066015,,0.100726
Amazon,AMZN,2021,,,,,5107000000,,9100000000,,469822000000,,0.01087,,0.019369
Amazon,AMZN,2022,,,,,6097000000,,7700000000,,513983000000,,0.011862,,0.014981
Amazon,AMZN,2023,,,,,7687000000,,7700000000,,574785000000,,0.013374,,0.013396
Amazon,AMZN,2024,,,,,8602000000,,7500000000,,637959000000,,0.013484,,0.011756
Amazon,AMZN,2025,,,,,9197000000,,10500000000,,716924000000,,0.012828,,0.014646
Best Buy,BBY,2008,,,,,,,,,40023000000,,,,
Best Buy,BBY,2009,,,,,,,459000000,,45015000000,,,,0.010197
Best Buy,BBY,2010,,,,,,,544000000,,49694000000,,,,0.010947
Best Buy,BBY,2011,,,,,,,570000000,,249000000,,,,2.289157
Best Buy,BBY,2012,,,,,,,539000000,,189000000,,,,2.851852
Best Buy,BBY,2013,,,,,,,520000000,,39827000000,,,,0.013056
Best Buy,BBY,2014,,,,,,,444000000,,42410000000,,,,0.010469
Best Buy,BBY,2015,,,,,,,372000000,,40339000000,,,,0.009222
Best Buy,BBY,2016,,,,,,,384000000,,39528000000,,,,0.009715
Best Buy,BBY,2017,,,,,,,358000000,,39403000000,,,,0.009086
Best Buy,BBY,2018,,,,,,,561000000,,42151000000,,,,0.013309
Best Buy,BBY,2019,,,,,,,482000000,,42879000000,,,,0.011241
Best Buy,BBY,2020,,,,,,,410000000,,43638000000,,,,0.009395
Best Buy,BBY,2021,,,,,,,725000000,,47262000000,,,,0.01534
Best Buy,BBY,2022,,,,,,,845000000,,51761000000,,,,0.016325
Best Buy,BBY,2023,,,,,,,405000000,,46298000000,,,,0.008748
Best Buy,BBY,2024,,,,,,,486000000,,43452000000,,,,0.011185
Best Buy,BBY,2025,,,,,,,464000000,,41528000000,,,,0.011173
Costco,COST,2008,,,,,,,,,72483000000,,,,
Costco,COST,2009,,,,,,,1418000000,,16843000000,,,,0.084189
Costco,COST,2010,,,,,,,1571000000,,18742000000,,,,0.083822
Costco,COST,2011,,,,,,,1758000000,,20875000000,,,,0.084216
Costco,COST,2012,,,,,,,1832000000,,22967000000,,,,0.079767
Costco,COST,2013,,,,,,,2037000000,,24871000000,,,,0.081903
Costco,COST,2014,,,,,,,2231000000,,26306000000,,,,0.08481
Costco,COST,2015,,,,,,,2468000000,,27454000000,,,,0.089896
Costco,COST,2016,,,,,,,2629000000,,28170000000,,,,0.093326
Costco,COST,2017,,,,,,,2703000000,,29766000000,,,,0.090808
Costco,COST,2018,,,,,,,2994000000,,141576000000,,,,0.021148
Costco,COST,2019,,,,,,,3176000000,,152703000000,,,,0.020799
Costco,COST,2020,,,,,,,3605000000,,166761000000,,,,0.021618
Costco,COST,2021,,,,,,,4090000000,,195929000000,,,,0.020875
Costco,COST,2022,,,,,,,4381000000,,226954000000,,,,0.019303
Costco,COST,2023,,,,,,,4278000000,,242290000000,,,,0.017657
Costco,COST,2024,,,,,,,4794000000,,254453000000,,,,0.01884
Costco,COST,2025,,,,,,,5205000000,,275235000000,,,,0.018911
CVS,CVS,2008,,,,,10446000000,,,,87472000000,,0.119421,,
CVS,CVS,2009,853000000,,,,10127000000,,,,23394000000,0.036462,0.432889,,
CVS,CVS,2010,757000000,,,,9784000000,,,,23760000000,0.03186,0.411785,,
CVS,CVS,2011,,,,,9869000000,,,,25695000000,,0.384083,,
CVS,CVS,2012,,,,,9753000000,,,,30798000000,,0.316676,,
CVS,CVS,2013,,,,,9529000000,,,,30751000000,,0.309876,,
CVS,CVS,2014,,,,,9774000000,,,,32689000000,,0.299,,
CVS,CVS,2015,,,,,13878000000,,,,36332000000,,0.381977,,
CVS,CVS,2016,,,,,13511000000,,,,43215000000,,0.312646,,
CVS,CVS,2017,,,,,13630000000,,,,44514000000,,0.306196,,
CVS,CVS,2018,,,,,36524000000,,,,45743000000,,0.798461,,
CVS,CVS,2019,,,,,36307000000,,,,61646000000,,0.58896,,
CVS,CVS,2020,,,,,31142000000,,,,268706000000,,0.115896,,
CVS,CVS,2021,,,,,29026000000,,,,292111000000,,0.099366,,
CVS,CVS,2022,,,,,24754000000,,,,322467000000,,0.076764,,
CVS,CVS,2023,,,,,29234000000,,,,357776000000,,0.08171,,
CVS,CVS,2024,,,,,27323000000,,,,372809000000,,0.07329,,
CVS,CVS,2025,,,,,25508000000,,,,402067000000,,0.063442,,
Dollar General,DG,2009,,,,,,,,,164898000,,,,
Dollar General,DG,2010,,,,,,,3711000,,154739000,,,,0.023982
Dollar General,DG,2011,,,,,,,4666000,,45574000,,,,0.102383
Dollar General,DG,2012,,,,,,2075000,4977000,,50212000,,,0.041325,0.09912
Dollar General,DG,2013,,,,,,2199000,3778000,,46270000,,,0.047525,0.081651
Dollar General,DG,2014,,,,,,3099000,3140000,,46769000,,,0.066262,0.067138
Dollar General,DG,2015,,,,,,3042000,2465000,,40819000,,,0.074524,0.060389
Dollar General,DG,2016,,,,,,4599000,3307000,,40532000,,,0.113466,0.08159
Dollar General,DG,2017,,,,,,5168000,6186000,,38962000,,,0.132642,0.15877
Dollar General,DG,2018,,,,,,7210000,9250000,,67313000,,,0.107112,0.137418
Dollar General,DG,2019,,,,,,8450000,10668000,,100135000,,,0.084386,0.106536
Dollar General,DG,2020,,,,,,7910000,7160000,,73564000,,,0.107525,0.09733
Dollar General,DG,2021,,,,,,7240000,9766000,,260115000,,,0.027834,0.037545
Dollar General,DG,2022,,,,,,6781000,14441000,,654086000,,,0.010367,0.022078
Dollar General,DG,2023,,,,,,6864000,16918000,,719188000,,,0.009544,0.023524
Dollar General,DG,2024,,,,,,5837000,10399000,,642851000,,,0.00908,0.016176
Dollar General,DG,2025,,,,,,5048000,13111000,,609840000,,,0.008278,0.021499
Dollar Tree,DLTR,2017,,,,,,,,,20719200000,,,,
Dollar Tree,DLTR,2018,,,,,,,,,22245500000,,,,
Dollar Tree,DLTR,2019,,,,,,,122100000,,22823300000,,,,0.00535
Dollar Tree,DLTR,2020,,,,,,,102800000,,23610800000,,,,0.004354
Dollar Tree,DLTR,2021,,,,,,,162800000,,25509300000,,,,0.006382
Dollar Tree,DLTR,2022,,,,,,,123800000,,26321200000,,,,0.004703
Dollar Tree,DLTR,2023,,,,,,,143900000,,28331700000,,,,0.005079
Dollar Tree,DLTR,2024,,,,,,,247300000,,30603800000,,,,0.008081
Dollar Tree,DLTR,2025,,,,,,,157600000,,17578500000,,,,0.008965
Gap,GPS,2008,,,,,,,,,15763000000,,,,
Gap,GPS,2009,,,,,,,,,14526000000,,,,
Gap,GPS,2010,,,,,,,,,14197000000,,,,
Gap,GPS,2011,,,,,,,,,14664000000,,,,
Gap,GPS,2012,,,,,,,,,14549000000,,,,
Gap,GPS,2013,,,,,,,,,15651000000,,,,
Gap,GPS,2014,,,,,,,,,16148000000,,,,
Gap,GPS,2015,,,,,,,,,16435000000,,,,
Gap,GPS,2016,,,,,,,,,15797000000,,,,
Gap,GPS,2017,,,,,,46000000,,,15516000000,,,0.002965,
Gap,GPS,2018,,,,,,51000000,,,15855000000,,,0.003217,
Gap,GPS,2019,,,,,,50000000,,,16580000000,,,0.003016,
Gap,GPS,2020,,,,,,41000000,,,16383000000,,,0.002503,
Gap,GPS,2021,,,,,0,46000000,,,13800000000,,,0.003333,
Gap,GPS,2022,,,,,36000000,41000000,,,16670000000,,0.00216,0.00246,
Gap,GPS,2023,,,,,27000000,46000000,,,15616000000,,0.001729,0.002946,
Gap,GPS,2024,,,,,18000000,37000000,,,14889000000,,0.001209,0.002485,
Gap,GPS,2025,,,,,,40000000,,,15086000000,,,0.002651,
Home Depot,HD,2008,,,,,,,,,77349000000,,,,
Home Depot,HD,2009,,,,,,,1129000000,,71288000000,,,,0.015837
Home Depot,HD,2010,,,,,,,1263000000,,66176000000,,,,0.019085
Home Depot,HD,2011,,,,,,,1290000000,,67997000000,,,,0.018971
Home Depot,HD,2012,,,,,,,1372000000,,70395000000,,,,0.01949
Home Depot,HD,2013,,,,,,,1414000000,,74754000000,,,,0.018915
Home Depot,HD,2014,,,,,,,1428000000,,78812000000,,,,0.018119
Home Depot,HD,2015,,,,,,,1391000000,,83176000000,,,,0.016724
Home Depot,HD,2016,,,,,,,1515000000,,88519000000,,,,0.017115
Home Depot,HD,2017,,,,,,,1484000000,,94595000000,,,,0.015688
Home Depot,HD,2018,,,,,,,1640000000,,100904000000,,,,0.016253
Home Depot,HD,2019,,,,,,,1506000000,,108203000000,,,,0.013918
Home Depot,HD,2020,,,,,,,1494000000,,110225000000,,,,0.013554
Home Depot,HD,2021,,,,,,,2463000000,,132110000000,,,,0.018644
Home Depot,HD,2022,,,,,3503000000,,2426000000,,151157000000,,0.023175,,0.01605
Home Depot,HD,2023,,,,,3323000000,,1991000000,,157403000000,,0.021111,,0.012649
Home Depot,HD,2024,,,,,3606000000,,2096000000,,152669000000,,0.02362,,0.013729
Home Depot,HD,2025,,,,,8983000000,,2315000000,,159514000000,,0.056315,,0.014513
Nordstrom,JWN,2008,,,,,,,,,9080000000,,,,
Nordstrom,JWN,2009,,,,,,,214000000,,8573000000,,,,0.024962
Nordstrom,JWN,2010,382000000,,,,,,336000000,,8627000000,0.04428,,,0.038947
Nordstrom,JWN,2011,404000000,,,,,,375000000,,9700000000,0.041649,,,0.03866
Nordstrom,JWN,2012,,,,,,,388000000,,10877000000,,,,0.035672
Nordstrom,JWN,2013,,,,,,,404000000,,12148000000,,,,0.033257
Nordstrom,JWN,2014,,,,,,,395000000,,12540000000,,,,0.031499
Nordstrom,JWN,2015,,,,,,,416000000,,13506000000,,,,0.030801
Nordstrom,JWN,2016,,,,,,,416000000,,14437000000,,,,0.028815
Nordstrom,JWN,2017,,,,,,,455000000,,14757000000,,,,0.030833
Nordstrom,JWN,2018,,,,,,,578000000,,15478000000,,,,0.037343
Nordstrom,JWN,2019,,,,,,,580000000,,15860000000,,,,0.03657
Nordstrom,JWN,2020,,,,,,,510000000,,15524000000,,,,0.032852
Nordstrom,JWN,2021,,,,,,,352000000,,10715000000,,,,0.032851
Nordstrom,JWN,2022,,,,,,,383000000,,14789000000,,,,0.025898
Nordstrom,JWN,2023,,,,,,,291000000,,15530000000,,,,0.018738
Nordstrom,JWN,2024,,,,,,,244000000,,14693000000,,,,0.016607
Nordstrom,JWN,2025,,,,,,,424000000,,15016000000,,,,0.028237
Kroger,KR,2013,,,,,130000000,,,,,,,,
Kroger,KR,2014,,,,,702000000,,,,,,,,
Kroger,KR,2015,,,,,757000000,,,,,,,,
Kroger,KR,2016,,,,,1053000000,,,,,,,,
Kroger,KR,2017,,,,,1153000000,,,,115337000000,,0.009997,,
Kroger,KR,2018,,,,,1100000000,,,,122662000000,,0.008968,,
Kroger,KR,2019,,,,,1258000000,,,,121162000000,,0.010383,,
Kroger,KR,2020,,,,,1066000000,,,,122286000000,,0.008717,,
Kroger,KR,2021,,,,,997000000,,,,132498000000,,0.007525,,
Kroger,KR,2022,,,,,942000000,,,,137888000000,,0.006832,,
Kroger,KR,2023,,,,,899000000,,,,148258000000,,0.006064,,
Kroger,KR,2024,,,,,899000000,,,,150039000000,,0.005992,,
Kroger,KR,2025,,,,,834000000,,,,147123000000,,0.005669,,
Kohl's,KSS,2008,,,,,,,,,16474000000,,,,
Kohl's,KSS,2009,,,,,,,,,16389000000,,,,
Kohl's,KSS,2010,395000000,,,,,,,,17178000000,0.022995,,,
Kohl's,KSS,2011,492000000,,,,,,,,18391000000,0.026752,,,
Kohl's,KSS,2012,,,,,,,,,18804000000,,,,
Kohl's,KSS,2013,,,,,,,,,19279000000,,,,
Kohl's,KSS,2014,,,,,,,,,19031000000,,,,
Kohl's,KSS,2015,1368000000,,,,,,,,19023000000,0.071913,,,
Kohl's,KSS,2016,1590000000,,,,,,,,19204000000,0.082795,,,
Kohl's,KSS,2017,1939000000,,,,,,,,18686000000,0.103768,,,
Kohl's,KSS,2018,2337000000,,,,,,,,19095000000,0.122388,,,
Kohl's,KSS,2019,2628000000,,,,,,,,20229000000,0.129913,,,
Kohl's,KSS,2020,2806000000,,,,,,,,19974000000,0.140483,,,
Kohl's,KSS,2021,2855000000,,,,,,,,15955000000,0.178941,,,
Kohl's,KSS,2022,2774000000,,,,,,,,19433000000,0.142747,,,
Kohl's,KSS,2023,2787000000,,,,,,,,18098000000,0.153995,,,
Kohl's,KSS,2024,1326000000,,,,,,,,17476000000,0.075875,,,
Kohl's,KSS,2025,1164000000,,,,,,,,16221000000,0.071759,,,
Lowe's,LOW,2008,,,,,,,,,48283000000,,,,
Lowe's,LOW,2009,,,,,,,434000000,,48230000000,,,,0.008999
Lowe's,LOW,2010,,,,,,,577000000,,47220000000,,,,0.012219
Lowe's,LOW,2011,,,,,,,667000000,,48815000000,,,,0.013664
Lowe's,LOW,2012,,,,,,,613000000,,50208000000,,,,0.012209
Lowe's,LOW,2013,,,,,,,670000000,,50521000000,,,,0.013262
Lowe's,LOW,2014,,,,,,,785000000,,53417000000,,,,0.014696
Lowe's,LOW,2015,,,,,,,773000000,,56223000000,,,,0.013749
Lowe's,LOW,2016,,,,,,,820000000,,59074000000,,,,0.013881
Lowe's,LOW,2017,,,,,,,790000000,,65017000000,,,,0.012151
Lowe's,LOW,2018,,,,,,,747000000,,68619000000,,,,0.010886
Lowe's,LOW,2019,,,,,,,662000000,,71309000000,,,,0.009284
Lowe's,LOW,2020,,,,,,,684000000,,72148000000,,,,0.009481
Lowe's,LOW,2021,,,,,,,1350000000,,89597000000,,,,0.015067
Lowe's,LOW,2022,,,,,,,1561000000,,96250000000,,,,0.016218
Lowe's,LOW,2023,,,,,,,1109000000,,97059000000,,,,0.011426
Lowe's,LOW,2024,,,,,,,954000000,,86377000000,,,,0.011045
Lowe's,LOW,2025,,,,,,,1008000000,,83674000000,,,,0.012047
Macy's,M,2008,,,-111000000,,,,,,26313000000,,,,
Macy's,M,2009,,,-136000000,,719000000,,,,24892000000,,0.028885,,
Macy's,M,2010,,,-105000000,,678000000,,307000000,,23489000000,,0.028865,,0.01307
Macy's,M,2011,,,-166000000,,637000000,,311000000,,25003000000,,0.025477,,0.012439
Macy's,M,2012,,,-209000000,,598000000,,317000000,,26405000000,,0.022647,,0.012005
Macy's,M,2013,,,-244000000,,561000000,,226000000,,27686000000,,0.020263,,0.008163
Macy's,M,2014,,,,,527000000,,190000000,,27931000000,,0.018868,,0.006802
Macy's,M,2015,,,,,496000000,,193000000,,28105000000,,0.017648,,0.006867
Macy's,M,2016,,,,256000000,514000000,,153000000,,27079000000,,0.018981,,0.00565
Macy's,M,2017,1396000000,767000000,,293000000,498000000,,215000000,,25778000000,0.054155,0.019319,,0.00834
Macy's,M,2018,1364000000,701000000,,301000000,488000000,,229000000,,24837000000,0.054918,0.019648,,0.00922
Macy's,M,2019,1316000000,670000000,,296000000,478000000,,268000000,,24971000000,0.052701,0.019142,,0.010732
Macy's,M,2020,1262000000,642000000,,285000000,439000000,,194000000,,24560000000,0.051384,0.017875,,0.007899
Macy's,M,2021,1136000000,491000000,,268000000,437000000,,201000000,,17346000000,0.065491,0.025193,,0.011588
Macy's,M,2022,1010000000,511000000,,238000000,435000000,,290000000,,25399000000,0.039765,0.017127,,0.011418
Macy's,M,2023,1095000000,666000000,,235000000,432000000,,199000000,,25449000000,0.043027,0.016975,,0.00782
Macy's,M,2024,1203000000,757000000,,269000000,430000000,,177000000,,23866000000,0.050406,0.018017,,0.007416
Macy's,M,2025,1431000000,802000000,,310000000,425000000,,233000000,,23006000000,0.062201,0.018473,,0.010128
Target,TGT,2008,,,,,,,,,63367000000,,,,
Target,TGT,2009,,,,,,,,,64948000000,,,,
Target,TGT,2010,,,,,,,,,65357000000,,,,
Target,TGT,2011,2533000000,,,,,,,,67390000000,0.037587,,,
Target,TGT,2012,2468000000,,,,,,,,69865000000,0.035325,,,
Target,TGT,2013,2567000000,,,,,,,,73301000000,0.03502,,,
Target,TGT,2014,,,,,,,,,71279000000,,,,
Target,TGT,2015,,,,,,,,,72618000000,,,,
Target,TGT,2016,2617000000,,,,,,,,73785000000,0.035468,,,
Target,TGT,2017,2651000000,,,,,,,,69495000000,0.038147,,,
Target,TGT,2018,2645000000,,,,,,,,71879000000,0.036798,,,
Target,TGT,2019,2544000000,,,,,,,,75356000000,0.03376,,,
Target,TGT,2020,2692000000,,,,,,,,78112000000,0.034463,,,
Target,TGT,2021,2765000000,,,,,,1677000000,,93561000000,0.029553,,,0.017924
Target,TGT,2022,2505000000,,,,,,1620000000,,106005000000,0.023631,,,0.015282
Target,TGT,2023,3039000000,,,,,,1319000000,,109120000000,0.02785,,,0.012088
Target,TGT,2024,3428000000,,,,,,1535000000,,107412000000,0.031914,,,0.014291
Target,TGT,2025,3710000000,,,,,,1597000000,,106566000000,0.034814,,,0.014986
TJX,TJX,2008,,,,,,,,,18336726000,,,,
TJX,TJX,2009,,,,,,,,,18999505000,,,,
TJX,TJX,2010,,,,,,,,,20288444000,,,,
TJX,TJX,2011,,,,,,,,,21942193000,,,,
TJX,TJX,2012,,,,,,,403200000,,23191455000,,,,0.017386
TJX,TJX,2013,,,,,,,513999000,,25878372000,,,,0.019862
TJX,TJX,2014,,,,,,,479003000,,27422696000,,,,0.017467
TJX,TJX,2015,,,,,,,470887000,,29078407000,,,,0.016194
TJX,TJX,2016,,,,,,,573965000,,30944938000,,,,0.018548
TJX,TJX,2017,,,,,,,630049000,,33183744000,,,,0.018987
TJX,TJX,2018,,,,,,,686294000,,35864664000,,,,0.019136
TJX,TJX,2019,,,,,,,737920000,,,,,,
TJX,TJX,2020,,,,,,,771740000,,,,,,
TJX,TJX,2021,,,,,,,946229000,,,,,,
TJX,TJX,2022,,,,,,,1116529000,,,,,,
TJX,TJX,2023,,,,,,,968000000,,,,,,
TJX,TJX,2024,,,,,,,1399000000,,,,,,
TJX,TJX,2025,,,,,,,1370000000,,,,,,
Walgreens,WBA,2013,,,,,,,,,72217000000,,,,
Walgreens,WBA,2014,,,,,1180000000,,,,76392000000,,0.015447,,
Walgreens,WBA,2015,,,,,12351000000,,,,103444000000,,0.119398,,
Walgreens,WBA,2016,,,,,10302000000,,,,117351000000,,0.087788,,
Walgreens,WBA,2017,,,,,10156000000,,,,29446000000,,0.344903,,
Walgreens,WBA,2018,,,,,11783000000,,,,33021000000,,0.356834,,
Walgreens,WBA,2019,,,,,10876000000,,,,34528000000,,0.314991,,
Walgreens,WBA,2020,,,,,10753000000,,,,35820000000,,0.300195,,
Walgreens,WBA,2021,,,,,9936000000,,,,32779000000,,0.303121,,
Walgreens,WBA,2022,,,,,10730000000,,,,33756000000,,0.317869,,
Walgreens,WBA,2023,,,,,13635000000,,,,34862000000,,0.391114,,
Walgreens,WBA,2024,,,,,12973000000,,,,147658000000,,0.087858,,
Walmart,WMT,2008,,,,,,,,,377023000000,,,,
Walmart,WMT,2009,,,,,,,,,404374000000,,,,
Walmart,WMT,2010,,,,,,,5986000000,,408214000000,,,,0.014664
Walmart,WMT,2011,,,,,,,5895000000,,421849000000,,,,0.013974
Walmart,WMT,2012,,,,,,,5089000000,15000000,446950000000,,,,0.011386
Walmart,WMT,2013,,,,,,,5059000000,15000000,469162000000,,,,0.010783
Walmart,WMT,2014,,,,,,,4652000000,,476294000000,,,,0.009767
Walmart,WMT,2015,,,,,,,4954000000,,485651000000,,,,0.010201
Walmart,WMT,2016,,,,,,,5814000000,,482130000000,,,,0.012059
Walmart,WMT,2017,,,,,,,6105000000,,485873000000,,,,0.012565
Walmart,WMT,2018,,,,,,,6998000000,,500343000000,,,,0.013986
Walmart,WMT,2019,,,,,,,6504000000,,514405000000,,,,0.012644
Walmart,WMT,2020,,,,,,,6093000000,,523964000000,,,,0.011629
Walmart,WMT,2021,,,,,,,7654000000,,559151000000,,,,0.013689
Walmart,WMT,2022,,,,,,,7908000000,,572754000000,,,,0.013807
Walmart,WMT,2023,,,,,,,8287000000,,611289000000,,,,0.013557
Walmart,WMT,2024,,,,,,,8590000000,,648125000000,,,,0.013254
Walmart,WMT,2025,,,,,,,7897000000,,680985000000,,,,0.011596
